invoice_id,customer_id,customer_name,invoice_amount,payment_ids,settlement_ids,bank_transaction_ids,payment_amount,expected_settlement,actual_bank_amount,difference,status,root_cause,confidence,match_method,requires_review,explanation,recommended_action,evidence
INV001,C001,Alpha Retail Pvt Ltd,90500.00,PAY0001,SET0001,BNK0001,90500.00,88364.00,88364.00,0.00,RECONCILED,GATEWAY_FEE_GST,100.0,EXACT_ID,False,The lower bank credit is fully explained by recorded gateway fees and GST.,No reconciliation action required.,"{""chain_issues"": [], ""match_trace"": [{""accepted"": true, ""confidence"": 100.0, ""evidence"": {""match_basis"": ""invoice_id"", ""match_count"": 1}, ""method"": ""EXACT_ID"", ""requires_review"": false, ""source_id"": ""INV001"", ""stage"": ""INVOICE_TO_PAYMENT"", ""target_ids"": [""PAY0001""]}, {""accepted"": true, ""confidence"": 100.0, ""evidence"": {""match_basis"": ""payment_id"", ""match_count"": 1}, ""method"": ""EXACT_ID"", ""requires_review"": false, ""source_id"": ""PAY0001"", ""stage"": ""PAYMENT_TO_SETTLEMENT"", ""target_ids"": [""SET0001""]}, {""accepted"": true, ""confidence"": 100.0, ""evidence"": {""match_basis"": ""settlement_id"", ""match_count"": 1}, ""method"": ""EXACT_ID"", ""requires_review"": false, ""source_id"": ""SET0001"", ""stage"": ""SETTLEMENT_TO_BANK"", ""target_ids"": [""BNK0001""]}], ""root_cause"": {""actual_bank_amount"": ""88364.00"", ""chargeback_adjustment_total"": ""0.00"", ""chargeback_evidence_total"": ""0.00"", ""expected_settlement"": ""88364.00"", ""gateway_fee_total"": ""1810.00"", ""gst_total"": ""326.00"", ""invoice_amount"": ""90500.00"", ""match_confidence"": 100.0, ""other_adjustment_total"": ""0.00"", ""payment_total"": ""90500.00"", ""refund_adjustment_total"": ""0.00"", ""refund_evidence_total"": ""0.00""}}"
INV002,C002,Nova Technologies Pvt Ltd,400000.00,PAY0002,SET0002,BNK0002,400000.00,400000.00,400000.00,0.00,RECONCILED,CLEAN,100.0,EXACT_ID,False,"Invoice, payment, settlement and bank credit reconcile without unexplained differences.",No action required.,"{""chain_issues"": [], ""match_trace"": [{""accepted"": true, ""confidence"": 100.0, ""evidence"": {""match_basis"": ""invoice_id"", ""match_count"": 1}, ""method"": ""EXACT_ID"", ""requires_review"": false, ""source_id"": ""INV002"", ""stage"": ""INVOICE_TO_PAYMENT"", ""target_ids"": [""PAY0002""]}, {""accepted"": true, ""confidence"": 100.0, ""evidence"": {""match_basis"": ""payment_id"", ""match_count"": 1}, ""method"": ""EXACT_ID"", ""requires_review"": false, ""source_id"": ""PAY0002"", ""stage"": ""PAYMENT_TO_SETTLEMENT"", ""target_ids"": [""SET0002""]}, {""accepted"": true, ""confidence"": 100.0, ""evidence"": {""match_basis"": ""settlement_id"", ""match_count"": 1}, ""method"": ""EXACT_ID"", ""requires_review"": false, ""source_id"": ""SET0002"", ""stage"": ""SETTLEMENT_TO_BANK"", ""target_ids"": [""BNK0002""]}], ""root_cause"": {""actual_bank_amount"": ""400000.00"", ""chargeback_adjustment_total"": ""0.00"", ""chargeback_evidence_total"": ""0.00"", ""expected_settlement"": ""400000.00"", ""gateway_fee_total"": ""0.00"", ""gst_total"": ""0.00"", ""invoice_amount"": ""400000.00"", ""match_confidence"": 100.0, ""other_adjustment_total"": ""0.00"", ""payment_total"": ""400000.00"", ""refund_adjustment_total"": ""0.00"", ""refund_evidence_total"": ""0.00""}}"
INV003,C003,Horizon Foods LLP,162500.00,PAY0003,SET0003,BNK0003,157500.00,157500.00,157500.00,0.00,UNRESOLVED,AMOUNT_MISMATCH,100.0,EXACT_ID,True,The amount collected does not agree with the invoice terms.,Review the payment amount and invoice terms before reconciliation.,"{""chain_issues"": [], ""match_trace"": [{""accepted"": true, ""confidence"": 100.0, ""evidence"": {""match_basis"": ""invoice_id"", ""match_count"": 1}, ""method"": ""EXACT_ID"", ""requires_review"": false, ""source_id"": ""INV003"", ""stage"": ""INVOICE_TO_PAYMENT"", ""target_ids"": [""PAY0003""]}, {""accepted"": true, ""confidence"": 100.0, ""evidence"": {""match_basis"": ""payment_id"", ""match_count"": 1}, ""method"": ""EXACT_ID"", ""requires_review"": false, ""source_id"": ""PAY0003"", ""stage"": ""PAYMENT_TO_SETTLEMENT"", ""target_ids"": [""SET0003""]}, {""accepted"": true, ""confidence"": 100.0, ""evidence"": {""match_basis"": ""settlement_id"", ""match_count"": 1}, ""method"": ""EXACT_ID"", ""requires_review"": false, ""source_id"": ""SET0003"", ""stage"": ""SETTLEMENT_TO_BANK"", ""target_ids"": [""BNK0003""]}], ""root_cause"": {""actual_bank_amount"": ""157500.00"", ""chargeback_adjustment_total"": ""0.00"", ""chargeback_evidence_total"": ""0.00"", ""expected_settlement"": ""157500.00"", ""gateway_fee_total"": ""0.00"", ""gst_total"": ""0.00"", ""invoice_amount"": ""162500.00"", ""invoice_payment_difference"": ""5000.00"", ""match_confidence"": 100.0, ""other_adjustment_total"": ""0.00"", ""payment_total"": ""157500.00"", ""refund_adjustment_total"": ""0.00"", ""refund_evidence_total"": ""0.00""}}"
INV004,C004,BluePeak Logistics Pvt Ltd,498000.00,PAY0004,SET0004,BNK0004,498000.00,348600.00,348600.00,0.00,EXPLAINED_EXCEPTION,PARTIAL_REFUND,100.0,EXACT_ID,False,The settlement reduction is explained by a processed partial refund.,No reconciliation correction is required; retain the refund linkage for audit.,"{""chain_issues"": [], ""match_trace"": [{""accepted"": true, ""confidence"": 100.0, ""evidence"": {""match_basis"": ""invoice_id"", ""match_count"": 1}, ""method"": ""EXACT_ID"", ""requires_review"": false, ""source_id"": ""INV004"", ""stage"": ""INVOICE_TO_PAYMENT"", ""target_ids"": [""PAY0004""]}, {""accepted"": true, ""confidence"": 100.0, ""evidence"": {""match_basis"": ""payment_id"", ""match_count"": 1}, ""method"": ""EXACT_ID"", ""requires_review"": false, ""source_id"": ""PAY0004"", ""stage"": ""PAYMENT_TO_SETTLEMENT"", ""target_ids"": [""SET0004""]}, {""accepted"": true, ""confidence"": 100.0, ""evidence"": {""match_basis"": ""settlement_id"", ""match_count"": 1}, ""method"": ""EXACT_ID"", ""requires_review"": false, ""source_id"": ""SET0004"", ""stage"": ""SETTLEMENT_TO_BANK"", ""target_ids"": [""BNK0004""]}], ""root_cause"": {""actual_bank_amount"": ""348600.00"", ""chargeback_adjustment_total"": ""0.00"", ""chargeback_evidence_total"": ""0.00"", ""expected_settlement"": ""348600.00"", ""gateway_fee_total"": ""0.00"", ""gst_total"": ""0.00"", ""invoice_amount"": ""498000.00"", ""match_confidence"": 100.0, ""other_adjustment_total"": ""0.00"", ""payment_total"": ""498000.00"", ""refund_adjustment_total"": ""149400.00"", ""refund_evidence_total"": ""149400.00""}}"
INV005,C005,Vertex Consulting LLP,19500.00,PAY0005,SET0005,BNK0005,19500.00,19500.00,19500.00,0.00,RECONCILED,CLEAN,100.0,FUZZY,False,"Invoice, payment, settlement and bank credit reconcile without unexplained differences.",No action required.,"{""chain_issues"": [], ""match_trace"": [{""accepted"": true, ""confidence"": 100.0, ""evidence"": {""amount_score"": 100.0, ""candidate_count"": 1, ""confidence_band"": ""AUTO_MATCH"", ""customer_score"": 100.0, ""date_distance_days"": 0, ""date_score"": 100.0, ""decision_reason"": ""High confidence with sufficient separation from competing candidates."", ""margin"": null, ""reference_score"": 100.0, ""second_best_score"": null}, ""method"": ""FUZZY"", ""requires_review"": false, ""source_id"": ""INV005"", ""stage"": ""INVOICE_TO_PAYMENT"", ""target_ids"": [""PAY0005""]}, {""accepted"": true, ""confidence"": 100.0, ""evidence"": {""amount_score"": 100.0, ""candidate_count"": 1, ""confidence_band"": ""AUTO_MATCH"", ""date_distance_days"": 2, ""date_score"": 100.0, ""decision_reason"": ""High confidence with sufficient separation from competing candidates."", ""margin"": null, ""reference_score"": 100.0, ""second_best_score"": null}, ""method"": ""FUZZY"", ""requires_review"": false, ""source_id"": ""PAY0005"", ""stage"": ""PAYMENT_TO_SETTLEMENT"", ""target_ids"": [""SET0005""]}, {""accepted"": true, ""confidence"": 100.0, ""evidence"": {""amount_score"": 100.0, ""candidate_count"": 1, ""confidence_band"": ""AUTO_MATCH"", ""date_distance_days"": 0, ""date_score"": 100.0, ""decision_reason"": ""High confidence with sufficient separation from competing candidates."", ""margin"": null, ""reference_score"": 100.0, ""second_best_score"": null}, ""method"": ""FUZZY"", ""requires_review"": false, ""source_id"": ""SET0005"", ""stage"": ""SETTLEMENT_TO_BANK"", ""target_ids"": [""BNK0005""]}], ""root_cause"": {""actual_bank_amount"": ""19500.00"", ""chargeback_adjustment_total"": ""0.00"", ""chargeback_evidence_total"": ""0.00"", ""expected_settlement"": ""19500.00"", ""gateway_fee_total"": ""0.00"", ""gst_total"": ""0.00"", ""invoice_amount"": ""19500.00"", ""match_confidence"": 100.0, ""other_adjustment_total"": ""0.00"", ""payment_total"": ""19500.00"", ""refund_adjustment_total"": ""0.00"", ""refund_evidence_total"": ""0.00""}}"
INV006,C006,GreenCart Commerce Pvt Ltd,132500.00,PAY0006,SET0006,BNK0006,132500.00,132500.00,132500.00,0.00,RECONCILED,CLEAN,100.0,FUZZY,False,"Invoice, payment, settlement and bank credit reconcile without unexplained differences.",No action required.,"{""chain_issues"": [], ""match_trace"": [{""accepted"": true, ""confidence"": 100.0, ""evidence"": {""amount_score"": 100.0, ""candidate_count"": 1, ""confidence_band"": ""AUTO_MATCH"", ""customer_score"": 100.0, ""date_distance_days"": 0, ""date_score"": 100.0, ""decision_reason"": ""High confidence with sufficient separation from competing candidates."", ""margin"": null, ""reference_score"": 100.0, ""second_best_score"": null}, ""method"": ""FUZZY"", ""requires_review"": false, ""source_id"": ""INV006"", ""stage"": ""INVOICE_TO_PAYMENT"", ""target_ids"": [""PAY0006""]}, {""accepted"": true, ""confidence"": 100.0, ""evidence"": {""amount_score"": 100.0, ""candidate_count"": 1, ""confidence_band"": ""AUTO_MATCH"", ""date_distance_days"": 2, ""date_score"": 100.0, ""decision_reason"": ""High confidence with sufficient separation from competing candidates."", ""margin"": null, ""reference_score"": 100.0, ""second_best_score"": null}, ""method"": ""FUZZY"", ""requires_review"": false, ""source_id"": ""PAY0006"", ""stage"": ""PAYMENT_TO_SETTLEMENT"", ""target_ids"": [""SET0006""]}, {""accepted"": true, ""confidence"": 100.0, ""evidence"": {""amount_score"": 100.0, ""candidate_count"": 1, ""confidence_band"": ""AUTO_MATCH"", ""date_distance_days"": 0, ""date_score"": 100.0, ""decision_reason"": ""High confidence with sufficient separation from competing candidates."", ""margin"": null, ""reference_score"": 100.0, ""second_best_score"": null}, ""method"": ""FUZZY"", ""requires_review"": false, ""source_id"": ""SET0006"", ""stage"": ""SETTLEMENT_TO_BANK"", ""target_ids"": [""BNK0006""]}], ""root_cause"": {""actual_bank_amount"": ""132500.00"", ""chargeback_adjustment_total"": ""0.00"", ""chargeback_evidence_total"": ""0.00"", ""expected_settlement"": ""132500.00"", ""gateway_fee_total"": ""0.00"", ""gst_total"": ""0.00"", ""invoice_amount"": ""132500.00"", ""match_confidence"": 100.0, ""other_adjustment_total"": ""0.00"", ""payment_total"": ""132500.00"", ""refund_adjustment_total"": ""0.00"", ""refund_evidence_total"": ""0.00""}}"
INV007,C007,Orbit Systems Pvt Ltd,384500.00,PAY0007|PAY0008,SET0007|SET0008,BNK0007|BNK0008,769000.00,769000.00,769000.00,0.00,EXPLAINED_EXCEPTION,DUPLICATE_PAYMENT,100.0,EXACT_ID,True,Multiple full-value payments were received against the same invoice within a short time window.,Review the duplicate receipt and determine whether a refund or customer credit is required.,"{""chain_issues"": [], ""match_trace"": [{""accepted"": true, ""confidence"": 100.0, ""evidence"": {""match_basis"": ""invoice_id"", ""match_count"": 2}, ""method"": ""EXACT_ID"", ""requires_review"": false, ""source_id"": ""INV007"", ""stage"": ""INVOICE_TO_PAYMENT"", ""target_ids"": [""PAY0007"", ""PAY0008""]}, {""accepted"": true, ""confidence"": 100.0, ""evidence"": {""match_basis"": ""payment_id"", ""match_count"": 1}, ""method"": ""EXACT_ID"", ""requires_review"": false, ""source_id"": ""PAY0007"", ""stage"": ""PAYMENT_TO_SETTLEMENT"", ""target_ids"": [""SET0007""]}, {""accepted"": true, ""confidence"": 100.0, ""evidence"": {""match_basis"": ""payment_id"", ""match_count"": 1}, ""method"": ""EXACT_ID"", ""requires_review"": false, ""source_id"": ""PAY0008"", ""stage"": ""PAYMENT_TO_SETTLEMENT"", ""target_ids"": [""SET0008""]}, {""accepted"": true, ""confidence"": 100.0, ""evidence"": {""match_basis"": ""settlement_id"", ""match_count"": 1}, ""method"": ""EXACT_ID"", ""requires_review"": false, ""source_id"": ""SET0007"", ""stage"": ""SETTLEMENT_TO_BANK"", ""target_ids"": [""BNK0007""]}, {""accepted"": true, ""confidence"": 100.0, ""evidence"": {""match_basis"": ""settlement_id"", ""match_count"": 1}, ""method"": ""EXACT_ID"", ""requires_review"": false, ""source_id"": ""SET0008"", ""stage"": ""SETTLEMENT_TO_BANK"", ""target_ids"": [""BNK0008""]}], ""root_cause"": {""actual_bank_amount"": ""769000.00"", ""chargeback_adjustment_total"": ""0.00"", ""chargeback_evidence_total"": ""0.00"", ""expected_settlement"": ""769000.00"", ""gateway_fee_total"": ""0.00"", ""gst_total"": ""0.00"", ""invoice_amount"": ""384500.00"", ""match_confidence"": 100.0, ""other_adjustment_total"": ""0.00"", ""payment_total"": ""769000.00"", ""refund_adjustment_total"": ""0.00"", ""refund_evidence_total"": ""0.00""}}"
INV008,C008,Cedar Healthcare Pvt Ltd,347500.00,PAY0009,SET0009,BNK0009,347500.00,347500.00,347500.00,0.00,RECONCILED,CLEAN,100.0,FUZZY,False,"Invoice, payment, settlement and bank credit reconcile without unexplained differences.",No action required.,"{""chain_issues"": [], ""match_trace"": [{""accepted"": true, ""confidence"": 100.0, ""evidence"": {""amount_score"": 100.0, ""candidate_count"": 1, ""confidence_band"": ""AUTO_MATCH"", ""customer_score"": 100.0, ""date_distance_days"": 2, ""date_score"": 100.0, ""decision_reason"": ""High confidence with sufficient separation from competing candidates."", ""margin"": null, ""reference_score"": 100.0, ""second_best_score"": null}, ""method"": ""FUZZY"", ""requires_review"": false, ""source_id"": ""INV008"", ""stage"": ""INVOICE_TO_PAYMENT"", ""target_ids"": [""PAY0009""]}, {""accepted"": true, ""confidence"": 100.0, ""evidence"": {""amount_score"": 100.0, ""candidate_count"": 1, ""confidence_band"": ""AUTO_MATCH"", ""date_distance_days"": 2, ""date_score"": 100.0, ""decision_reason"": ""High confidence with sufficient separation from competing candidates."", ""margin"": null, ""reference_score"": 100.0, ""second_best_score"": null}, ""method"": ""FUZZY"", ""requires_review"": false, ""source_id"": ""PAY0009"", ""stage"": ""PAYMENT_TO_SETTLEMENT"", ""target_ids"": [""SET0009""]}, {""accepted"": true, ""confidence"": 100.0, ""evidence"": {""amount_score"": 100.0, ""candidate_count"": 1, ""confidence_band"": ""AUTO_MATCH"", ""date_distance_days"": 0, ""date_score"": 100.0, ""decision_reason"": ""High confidence with sufficient separation from competing candidates."", ""margin"": null, ""reference_score"": 100.0, ""second_best_score"": null}, ""method"": ""FUZZY"", ""requires_review"": false, ""source_id"": ""SET0009"", ""stage"": ""SETTLEMENT_TO_BANK"", ""target_ids"": [""BNK0009""]}], ""root_cause"": {""actual_bank_amount"": ""347500.00"", ""chargeback_adjustment_total"": ""0.00"", ""chargeback_evidence_total"": ""0.00"", ""expected_settlement"": ""347500.00"", ""gateway_fee_total"": ""0.00"", ""gst_total"": ""0.00"", ""invoice_amount"": ""347500.00"", ""match_confidence"": 100.0, ""other_adjustment_total"": ""0.00"", ""payment_total"": ""347500.00"", ""refund_adjustment_total"": ""0.00"", ""refund_evidence_total"": ""0.00""}}"
INV009,C009,Nimbus Learning Pvt Ltd,280000.00,PAY0010,SET0010,BNK0010,280000.00,280000.00,280000.00,0.00,RECONCILED,CLEAN,100.0,EXACT_ID,False,"Invoice, payment, settlement and bank credit reconcile without unexplained differences.",No action required.,"{""chain_issues"": [], ""match_trace"": [{""accepted"": true, ""confidence"": 100.0, ""evidence"": {""match_basis"": ""invoice_id"", ""match_count"": 1}, ""method"": ""EXACT_ID"", ""requires_review"": false, ""source_id"": ""INV009"", ""stage"": ""INVOICE_TO_PAYMENT"", ""target_ids"": [""PAY0010""]}, {""accepted"": true, ""confidence"": 100.0, ""evidence"": {""match_basis"": ""payment_id"", ""match_count"": 1}, ""method"": ""EXACT_ID"", ""requires_review"": false, ""source_id"": ""PAY0010"", ""stage"": ""PAYMENT_TO_SETTLEMENT"", ""target_ids"": [""SET0010""]}, {""accepted"": true, ""confidence"": 100.0, ""evidence"": {""match_basis"": ""settlement_id"", ""match_count"": 1}, ""method"": ""EXACT_ID"", ""requires_review"": false, ""source_id"": ""SET0010"", ""stage"": ""SETTLEMENT_TO_BANK"", ""target_ids"": [""BNK0010""]}], ""root_cause"": {""actual_bank_amount"": ""280000.00"", ""chargeback_adjustment_total"": ""0.00"", ""chargeback_evidence_total"": ""0.00"", ""expected_settlement"": ""280000.00"", ""gateway_fee_total"": ""0.00"", ""gst_total"": ""0.00"", ""invoice_amount"": ""280000.00"", ""match_confidence"": 100.0, ""other_adjustment_total"": ""0.00"", ""payment_total"": ""280000.00"", ""refund_adjustment_total"": ""0.00"", ""refund_evidence_total"": ""0.00""}}"
INV010,C010,UrbanNest Interiors LLP,485500.00,PAY0011,SET0011,BNK0011,485500.00,474042.00,474042.00,0.00,RECONCILED,GATEWAY_FEE_GST,100.0,EXACT_ID,False,The lower bank credit is fully explained by recorded gateway fees and GST.,No reconciliation action required.,"{""chain_issues"": [], ""match_trace"": [{""accepted"": true, ""confidence"": 100.0, ""evidence"": {""match_basis"": ""invoice_id"", ""match_count"": 1}, ""method"": ""EXACT_ID"", ""requires_review"": false, ""source_id"": ""INV010"", ""stage"": ""INVOICE_TO_PAYMENT"", ""target_ids"": [""PAY0011""]}, {""accepted"": true, ""confidence"": 100.0, ""evidence"": {""match_basis"": ""payment_id"", ""match_count"": 1}, ""method"": ""EXACT_ID"", ""requires_review"": false, ""source_id"": ""PAY0011"", ""stage"": ""PAYMENT_TO_SETTLEMENT"", ""target_ids"": [""SET0011""]}, {""accepted"": true, ""confidence"": 100.0, ""evidence"": {""match_basis"": ""settlement_id"", ""match_count"": 1}, ""method"": ""EXACT_ID"", ""requires_review"": false, ""source_id"": ""SET0011"", ""stage"": ""SETTLEMENT_TO_BANK"", ""target_ids"": [""BNK0011""]}], ""root_cause"": {""actual_bank_amount"": ""474042.00"", ""chargeback_adjustment_total"": ""0.00"", ""chargeback_evidence_total"": ""0.00"", ""expected_settlement"": ""474042.00"", ""gateway_fee_total"": ""9710.00"", ""gst_total"": ""1748.00"", ""invoice_amount"": ""485500.00"", ""match_confidence"": 100.0, ""other_adjustment_total"": ""0.00"", ""payment_total"": ""485500.00"", ""refund_adjustment_total"": ""0.00"", ""refund_evidence_total"": ""0.00""}}"
INV011,C011,Silverline Manufacturing Pvt Ltd,214000.00,PAY0012,SET0012,BNK0012,214000.00,214000.00,214000.00,0.00,RECONCILED,CLEAN,100.0,EXACT_ID,False,"Invoice, payment, settlement and bank credit reconcile without unexplained differences.",No action required.,"{""chain_issues"": [], ""match_trace"": [{""accepted"": true, ""confidence"": 100.0, ""evidence"": {""match_basis"": ""invoice_id"", ""match_count"": 1}, ""method"": ""EXACT_ID"", ""requires_review"": false, ""source_id"": ""INV011"", ""stage"": ""INVOICE_TO_PAYMENT"", ""target_ids"": [""PAY0012""]}, {""accepted"": true, ""confidence"": 100.0, ""evidence"": {""match_basis"": ""payment_id"", ""match_count"": 1}, ""method"": ""EXACT_ID"", ""requires_review"": false, ""source_id"": ""PAY0012"", ""stage"": ""PAYMENT_TO_SETTLEMENT"", ""target_ids"": [""SET0012""]}, {""accepted"": true, ""confidence"": 100.0, ""evidence"": {""match_basis"": ""settlement_id"", ""match_count"": 1}, ""method"": ""EXACT_ID"", ""requires_review"": false, ""source_id"": ""SET0012"", ""stage"": ""SETTLEMENT_TO_BANK"", ""target_ids"": [""BNK0012""]}], ""root_cause"": {""actual_bank_amount"": ""214000.00"", ""chargeback_adjustment_total"": ""0.00"", ""chargeback_evidence_total"": ""0.00"", ""expected_settlement"": ""214000.00"", ""gateway_fee_total"": ""0.00"", ""gst_total"": ""0.00"", ""invoice_amount"": ""214000.00"", ""match_confidence"": 100.0, ""other_adjustment_total"": ""0.00"", ""payment_total"": ""214000.00"", ""refund_adjustment_total"": ""0.00"", ""refund_evidence_total"": ""0.00""}}"
INV012,C012,Aster Mobility Pvt Ltd,470500.00,PAY0013,SET0013,BNK0013,352875.00,352875.00,352875.00,0.00,EXPLAINED_EXCEPTION,PARTIAL_PAYMENT,100.0,EXACT_ID,False,The invoice permits installments and only part of the receivable has been collected.,Keep the remaining balance open and include it in receivables and cash-flow forecasting.,"{""chain_issues"": [], ""match_trace"": [{""accepted"": true, ""confidence"": 100.0, ""evidence"": {""match_basis"": ""invoice_id"", ""match_count"": 1}, ""method"": ""EXACT_ID"", ""requires_review"": false, ""source_id"": ""INV012"", ""stage"": ""INVOICE_TO_PAYMENT"", ""target_ids"": [""PAY0013""]}, {""accepted"": true, ""confidence"": 100.0, ""evidence"": {""match_basis"": ""payment_id"", ""match_count"": 1}, ""method"": ""EXACT_ID"", ""requires_review"": false, ""source_id"": ""PAY0013"", ""stage"": ""PAYMENT_TO_SETTLEMENT"", ""target_ids"": [""SET0013""]}, {""accepted"": true, ""confidence"": 100.0, ""evidence"": {""match_basis"": ""settlement_id"", ""match_count"": 1}, ""method"": ""EXACT_ID"", ""requires_review"": false, ""source_id"": ""SET0013"", ""stage"": ""SETTLEMENT_TO_BANK"", ""target_ids"": [""BNK0013""]}], ""root_cause"": {""actual_bank_amount"": ""352875.00"", ""chargeback_adjustment_total"": ""0.00"", ""chargeback_evidence_total"": ""0.00"", ""expected_settlement"": ""352875.00"", ""gateway_fee_total"": ""0.00"", ""gst_total"": ""0.00"", ""invoice_amount"": ""470500.00"", ""invoice_payment_difference"": ""117625.00"", ""match_confidence"": 100.0, ""other_adjustment_total"": ""0.00"", ""payment_total"": ""352875.00"", ""refund_adjustment_total"": ""0.00"", ""refund_evidence_total"": ""0.00""}}"
INV013,C013,BrightGrid Energy Pvt Ltd,183000.00,PAY0014,SET0014,BNK0014,73200.00,73200.00,73200.00,0.00,EXPLAINED_EXCEPTION,PARTIAL_PAYMENT,100.0,EXACT_ID,False,The invoice permits installments and only part of the receivable has been collected.,Keep the remaining balance open and include it in receivables and cash-flow forecasting.,"{""chain_issues"": [], ""match_trace"": [{""accepted"": true, ""confidence"": 100.0, ""evidence"": {""match_basis"": ""invoice_id"", ""match_count"": 1}, ""method"": ""EXACT_ID"", ""requires_review"": false, ""source_id"": ""INV013"", ""stage"": ""INVOICE_TO_PAYMENT"", ""target_ids"": [""PAY0014""]}, {""accepted"": true, ""confidence"": 100.0, ""evidence"": {""match_basis"": ""payment_id"", ""match_count"": 1}, ""method"": ""EXACT_ID"", ""requires_review"": false, ""source_id"": ""PAY0014"", ""stage"": ""PAYMENT_TO_SETTLEMENT"", ""target_ids"": [""SET0014""]}, {""accepted"": true, ""confidence"": 100.0, ""evidence"": {""match_basis"": ""settlement_id"", ""match_count"": 1}, ""method"": ""EXACT_ID"", ""requires_review"": false, ""source_id"": ""SET0014"", ""stage"": ""SETTLEMENT_TO_BANK"", ""target_ids"": [""BNK0014""]}], ""root_cause"": {""actual_bank_amount"": ""73200.00"", ""chargeback_adjustment_total"": ""0.00"", ""chargeback_evidence_total"": ""0.00"", ""expected_settlement"": ""73200.00"", ""gateway_fee_total"": ""0.00"", ""gst_total"": ""0.00"", ""invoice_amount"": ""183000.00"", ""invoice_payment_difference"": ""109800.00"", ""match_confidence"": 100.0, ""other_adjustment_total"": ""0.00"", ""payment_total"": ""73200.00"", ""refund_adjustment_total"": ""0.00"", ""refund_evidence_total"": ""0.00""}}"
INV014,C014,PixelCraft Media LLP,122500.00,PAY0015,SET0015,BNK0015,122500.00,119609.00,119609.00,0.00,RECONCILED,GATEWAY_FEE_GST,100.0,EXACT_ID,False,The lower bank credit is fully explained by recorded gateway fees and GST.,No reconciliation action required.,"{""chain_issues"": [], ""match_trace"": [{""accepted"": true, ""confidence"": 100.0, ""evidence"": {""match_basis"": ""invoice_id"", ""match_count"": 1}, ""method"": ""EXACT_ID"", ""requires_review"": false, ""source_id"": ""INV014"", ""stage"": ""INVOICE_TO_PAYMENT"", ""target_ids"": [""PAY0015""]}, {""accepted"": true, ""confidence"": 100.0, ""evidence"": {""match_basis"": ""payment_id"", ""match_count"": 1}, ""method"": ""EXACT_ID"", ""requires_review"": false, ""source_id"": ""PAY0015"", ""stage"": ""PAYMENT_TO_SETTLEMENT"", ""target_ids"": [""SET0015""]}, {""accepted"": true, ""confidence"": 100.0, ""evidence"": {""match_basis"": ""settlement_id"", ""match_count"": 1}, ""method"": ""EXACT_ID"", ""requires_review"": false, ""source_id"": ""SET0015"", ""stage"": ""SETTLEMENT_TO_BANK"", ""target_ids"": [""BNK0015""]}], ""root_cause"": {""actual_bank_amount"": ""119609.00"", ""chargeback_adjustment_total"": ""0.00"", ""chargeback_evidence_total"": ""0.00"", ""expected_settlement"": ""119609.00"", ""gateway_fee_total"": ""2450.00"", ""gst_total"": ""441.00"", ""invoice_amount"": ""122500.00"", ""match_confidence"": 100.0, ""other_adjustment_total"": ""0.00"", ""payment_total"": ""122500.00"", ""refund_adjustment_total"": ""0.00"", ""refund_evidence_total"": ""0.00""}}"
INV015,C015,PrimeLeaf Consumer Products Pvt Ltd,44500.00,PAY0016,SET0016,BNK0016,44500.00,44500.00,44500.00,0.00,RECONCILED,CLEAN,100.0,EXACT_ID,False,"Invoice, payment, settlement and bank credit reconcile without unexplained differences.",No action required.,"{""chain_issues"": [], ""match_trace"": [{""accepted"": true, ""confidence"": 100.0, ""evidence"": {""match_basis"": ""invoice_id"", ""match_count"": 1}, ""method"": ""EXACT_ID"", ""requires_review"": false, ""source_id"": ""INV015"", ""stage"": ""INVOICE_TO_PAYMENT"", ""target_ids"": [""PAY0016""]}, {""accepted"": true, ""confidence"": 100.0, ""evidence"": {""match_basis"": ""payment_id"", ""match_count"": 1}, ""method"": ""EXACT_ID"", ""requires_review"": false, ""source_id"": ""PAY0016"", ""stage"": ""PAYMENT_TO_SETTLEMENT"", ""target_ids"": [""SET0016""]}, {""accepted"": true, ""confidence"": 100.0, ""evidence"": {""match_basis"": ""settlement_id"", ""match_count"": 1}, ""method"": ""EXACT_ID"", ""requires_review"": false, ""source_id"": ""SET0016"", ""stage"": ""SETTLEMENT_TO_BANK"", ""target_ids"": [""BNK0016""]}], ""root_cause"": {""actual_bank_amount"": ""44500.00"", ""chargeback_adjustment_total"": ""0.00"", ""chargeback_evidence_total"": ""0.00"", ""expected_settlement"": ""44500.00"", ""gateway_fee_total"": ""0.00"", ""gst_total"": ""0.00"", ""invoice_amount"": ""44500.00"", ""match_confidence"": 100.0, ""other_adjustment_total"": ""0.00"", ""payment_total"": ""44500.00"", ""refund_adjustment_total"": ""0.00"", ""refund_evidence_total"": ""0.00""}}"
INV016,C016,CloudArc Solutions Pvt Ltd,273000.00,PAY0017,SET0017,BNK0017,273000.00,273000.00,273000.00,0.00,RECONCILED,CLEAN,100.0,EXACT_ID,False,"Invoice, payment, settlement and bank credit reconcile without unexplained differences.",No action required.,"{""chain_issues"": [], ""match_trace"": [{""accepted"": true, ""confidence"": 100.0, ""evidence"": {""match_basis"": ""invoice_id"", ""match_count"": 1}, ""method"": ""EXACT_ID"", ""requires_review"": false, ""source_id"": ""INV016"", ""stage"": ""INVOICE_TO_PAYMENT"", ""target_ids"": [""PAY0017""]}, {""accepted"": true, ""confidence"": 100.0, ""evidence"": {""match_basis"": ""payment_id"", ""match_count"": 1}, ""method"": ""EXACT_ID"", ""requires_review"": false, ""source_id"": ""PAY0017"", ""stage"": ""PAYMENT_TO_SETTLEMENT"", ""target_ids"": [""SET0017""]}, {""accepted"": true, ""confidence"": 100.0, ""evidence"": {""match_basis"": ""settlement_id"", ""match_count"": 1}, ""method"": ""EXACT_ID"", ""requires_review"": false, ""source_id"": ""SET0017"", ""stage"": ""SETTLEMENT_TO_BANK"", ""target_ids"": [""BNK0017""]}], ""root_cause"": {""actual_bank_amount"": ""273000.00"", ""chargeback_adjustment_total"": ""0.00"", ""chargeback_evidence_total"": ""0.00"", ""expected_settlement"": ""273000.00"", ""gateway_fee_total"": ""0.00"", ""gst_total"": ""0.00"", ""invoice_amount"": ""273000.00"", ""match_confidence"": 100.0, ""other_adjustment_total"": ""0.00"", ""payment_total"": ""273000.00"", ""refund_adjustment_total"": ""0.00"", ""refund_evidence_total"": ""0.00""}}"
INV017,C017,MetroMart Retail LLP,286000.00,PAY0018,SET0018,BNK0018,286000.00,286000.00,286000.00,0.00,RECONCILED,CLEAN,100.0,EXACT_ID,False,"Invoice, payment, settlement and bank credit reconcile without unexplained differences.",No action required.,"{""chain_issues"": [], ""match_trace"": [{""accepted"": true, ""confidence"": 100.0, ""evidence"": {""match_basis"": ""invoice_id"", ""match_count"": 1}, ""method"": ""EXACT_ID"", ""requires_review"": false, ""source_id"": ""INV017"", ""stage"": ""INVOICE_TO_PAYMENT"", ""target_ids"": [""PAY0018""]}, {""accepted"": true, ""confidence"": 100.0, ""evidence"": {""match_basis"": ""payment_id"", ""match_count"": 1}, ""method"": ""EXACT_ID"", ""requires_review"": false, ""source_id"": ""PAY0018"", ""stage"": ""PAYMENT_TO_SETTLEMENT"", ""target_ids"": [""SET0018""]}, {""accepted"": true, ""confidence"": 100.0, ""evidence"": {""match_basis"": ""settlement_id"", ""match_count"": 1}, ""method"": ""EXACT_ID"", ""requires_review"": false, ""source_id"": ""SET0018"", ""stage"": ""SETTLEMENT_TO_BANK"", ""target_ids"": [""BNK0018""]}], ""root_cause"": {""actual_bank_amount"": ""286000.00"", ""chargeback_adjustment_total"": ""0.00"", ""chargeback_evidence_total"": ""0.00"", ""expected_settlement"": ""286000.00"", ""gateway_fee_total"": ""0.00"", ""gst_total"": ""0.00"", ""invoice_amount"": ""286000.00"", ""match_confidence"": 100.0, ""other_adjustment_total"": ""0.00"", ""payment_total"": ""286000.00"", ""refund_adjustment_total"": ""0.00"", ""refund_evidence_total"": ""0.00""}}"
INV018,C018,NorthStar Components Pvt Ltd,411500.00,PAY0019,SET0019,BNK0019,411500.00,411500.00,411500.00,0.00,EXPLAINED_EXCEPTION,SETTLEMENT_DELAY,100.0,EXACT_ID,False,"The settlement amount reconciles, but the corresponding bank credit arrived later than the expected settlement window.",Track this delay in cash-position forecasting and monitor provider settlement performance.,"{""chain_issues"": [], ""match_trace"": [{""accepted"": true, ""confidence"": 100.0, ""evidence"": {""match_basis"": ""invoice_id"", ""match_count"": 1}, ""method"": ""EXACT_ID"", ""requires_review"": false, ""source_id"": ""INV018"", ""stage"": ""INVOICE_TO_PAYMENT"", ""target_ids"": [""PAY0019""]}, {""accepted"": true, ""confidence"": 100.0, ""evidence"": {""match_basis"": ""payment_id"", ""match_count"": 1}, ""method"": ""EXACT_ID"", ""requires_review"": false, ""source_id"": ""PAY0019"", ""stage"": ""PAYMENT_TO_SETTLEMENT"", ""target_ids"": [""SET0019""]}, {""accepted"": true, ""confidence"": 100.0, ""evidence"": {""match_basis"": ""settlement_id"", ""match_count"": 1}, ""method"": ""EXACT_ID"", ""requires_review"": false, ""source_id"": ""SET0019"", ""stage"": ""SETTLEMENT_TO_BANK"", ""target_ids"": [""BNK0019""]}], ""root_cause"": {""actual_bank_amount"": ""411500.00"", ""chargeback_adjustment_total"": ""0.00"", ""chargeback_evidence_total"": ""0.00"", ""expected_settlement"": ""411500.00"", ""gateway_fee_total"": ""0.00"", ""gst_total"": ""0.00"", ""invoice_amount"": ""411500.00"", ""match_confidence"": 100.0, ""other_adjustment_total"": ""0.00"", ""payment_total"": ""411500.00"", ""refund_adjustment_total"": ""0.00"", ""refund_evidence_total"": ""0.00"", ""settlement_delay_days"": [5]}}"
INV019,C019,SwiftRoute Services Pvt Ltd,59500.00,,,,0.00,0.00,0.00,0.00,UNRESOLVED,MISSING_PAYMENT,95.0,NONE,True,No confirmed payment could be found for the invoice.,Verify the receivable with the customer and inspect payment-provider records.,"{""chain_issues"": [""PAYMENT_MATCH_REQUIRES_REVIEW"", ""NO_CONFIRMED_PAYMENT""], ""match_trace"": [{""accepted"": false, ""confidence"": 0.0, ""evidence"": {""confidence_band"": ""REJECT"", ""reason"": ""No safe fuzzy candidate found.""}, ""method"": ""NONE"", ""requires_review"": true, ""source_id"": ""INV019"", ""stage"": ""INVOICE_TO_PAYMENT"", ""target_ids"": []}], ""root_cause"": {""invoice_amount"": ""59500.00"", ""invoice_id"": ""INV019""}}"
INV020,C020,Zenith Business Solutions LLP,230500.00,PAY0020,SET0020,BNK0020,230500.00,225060.00,225060.00,0.00,RECONCILED,GATEWAY_FEE_GST,100.0,EXACT_ID,False,The lower bank credit is fully explained by recorded gateway fees and GST.,No reconciliation action required.,"{""chain_issues"": [], ""match_trace"": [{""accepted"": true, ""confidence"": 100.0, ""evidence"": {""match_basis"": ""invoice_id"", ""match_count"": 1}, ""method"": ""EXACT_ID"", ""requires_review"": false, ""source_id"": ""INV020"", ""stage"": ""INVOICE_TO_PAYMENT"", ""target_ids"": [""PAY0020""]}, {""accepted"": true, ""confidence"": 100.0, ""evidence"": {""match_basis"": ""payment_id"", ""match_count"": 1}, ""method"": ""EXACT_ID"", ""requires_review"": false, ""source_id"": ""PAY0020"", ""stage"": ""PAYMENT_TO_SETTLEMENT"", ""target_ids"": [""SET0020""]}, {""accepted"": true, ""confidence"": 100.0, ""evidence"": {""match_basis"": ""settlement_id"", ""match_count"": 1}, ""method"": ""EXACT_ID"", ""requires_review"": false, ""source_id"": ""SET0020"", ""stage"": ""SETTLEMENT_TO_BANK"", ""target_ids"": [""BNK0020""]}], ""root_cause"": {""actual_bank_amount"": ""225060.00"", ""chargeback_adjustment_total"": ""0.00"", ""chargeback_evidence_total"": ""0.00"", ""expected_settlement"": ""225060.00"", ""gateway_fee_total"": ""4610.00"", ""gst_total"": ""830.00"", ""invoice_amount"": ""230500.00"", ""match_confidence"": 100.0, ""other_adjustment_total"": ""0.00"", ""payment_total"": ""230500.00"", ""refund_adjustment_total"": ""0.00"", ""refund_evidence_total"": ""0.00""}}"
INV021,C001,Alpha Retail Pvt Ltd,452000.00,PAY0021,SET0021,BNK0021,452000.00,361600.00,361600.00,0.00,EXPLAINED_EXCEPTION,PARTIAL_REFUND,100.0,EXACT_ID,False,The settlement reduction is explained by a processed partial refund.,No reconciliation correction is required; retain the refund linkage for audit.,"{""chain_issues"": [], ""match_trace"": [{""accepted"": true, ""confidence"": 100.0, ""evidence"": {""match_basis"": ""invoice_id"", ""match_count"": 1}, ""method"": ""EXACT_ID"", ""requires_review"": false, ""source_id"": ""INV021"", ""stage"": ""INVOICE_TO_PAYMENT"", ""target_ids"": [""PAY0021""]}, {""accepted"": true, ""confidence"": 100.0, ""evidence"": {""match_basis"": ""payment_id"", ""match_count"": 1}, ""method"": ""EXACT_ID"", ""requires_review"": false, ""source_id"": ""PAY0021"", ""stage"": ""PAYMENT_TO_SETTLEMENT"", ""target_ids"": [""SET0021""]}, {""accepted"": true, ""confidence"": 100.0, ""evidence"": {""match_basis"": ""settlement_id"", ""match_count"": 1}, ""method"": ""EXACT_ID"", ""requires_review"": false, ""source_id"": ""SET0021"", ""stage"": ""SETTLEMENT_TO_BANK"", ""target_ids"": [""BNK0021""]}], ""root_cause"": {""actual_bank_amount"": ""361600.00"", ""chargeback_adjustment_total"": ""0.00"", ""chargeback_evidence_total"": ""0.00"", ""expected_settlement"": ""361600.00"", ""gateway_fee_total"": ""0.00"", ""gst_total"": ""0.00"", ""invoice_amount"": ""452000.00"", ""match_confidence"": 100.0, ""other_adjustment_total"": ""0.00"", ""payment_total"": ""452000.00"", ""refund_adjustment_total"": ""90400.00"", ""refund_evidence_total"": ""90400.00""}}"
INV022,C002,Nova Technologies Pvt Ltd,382500.00,PAY0022,SET0022,BNK0022,382500.00,382500.00,382500.00,0.00,RECONCILED,CLEAN,100.0,EXACT_ID,False,"Invoice, payment, settlement and bank credit reconcile without unexplained differences.",No action required.,"{""chain_issues"": [], ""match_trace"": [{""accepted"": true, ""confidence"": 100.0, ""evidence"": {""match_basis"": ""invoice_id"", ""match_count"": 1}, ""method"": ""EXACT_ID"", ""requires_review"": false, ""source_id"": ""INV022"", ""stage"": ""INVOICE_TO_PAYMENT"", ""target_ids"": [""PAY0022""]}, {""accepted"": true, ""confidence"": 100.0, ""evidence"": {""match_basis"": ""payment_id"", ""match_count"": 1}, ""method"": ""EXACT_ID"", ""requires_review"": false, ""source_id"": ""PAY0022"", ""stage"": ""PAYMENT_TO_SETTLEMENT"", ""target_ids"": [""SET0022""]}, {""accepted"": true, ""confidence"": 100.0, ""evidence"": {""match_basis"": ""settlement_id"", ""match_count"": 1}, ""method"": ""EXACT_ID"", ""requires_review"": false, ""source_id"": ""SET0022"", ""stage"": ""SETTLEMENT_TO_BANK"", ""target_ids"": [""BNK0022""]}], ""root_cause"": {""actual_bank_amount"": ""382500.00"", ""chargeback_adjustment_total"": ""0.00"", ""chargeback_evidence_total"": ""0.00"", ""expected_settlement"": ""382500.00"", ""gateway_fee_total"": ""0.00"", ""gst_total"": ""0.00"", ""invoice_amount"": ""382500.00"", ""match_confidence"": 100.0, ""other_adjustment_total"": ""0.00"", ""payment_total"": ""382500.00"", ""refund_adjustment_total"": ""0.00"", ""refund_evidence_total"": ""0.00""}}"
INV023,C003,Horizon Foods LLP,108000.00,PAY0023,SET0023,BNK0023,108000.00,108000.00,108000.00,0.00,EXPLAINED_EXCEPTION,SETTLEMENT_DELAY,100.0,EXACT_ID,False,"The settlement amount reconciles, but the corresponding bank credit arrived later than the expected settlement window.",Track this delay in cash-position forecasting and monitor provider settlement performance.,"{""chain_issues"": [], ""match_trace"": [{""accepted"": true, ""confidence"": 100.0, ""evidence"": {""match_basis"": ""invoice_id"", ""match_count"": 1}, ""method"": ""EXACT_ID"", ""requires_review"": false, ""source_id"": ""INV023"", ""stage"": ""INVOICE_TO_PAYMENT"", ""target_ids"": [""PAY0023""]}, {""accepted"": true, ""confidence"": 100.0, ""evidence"": {""match_basis"": ""payment_id"", ""match_count"": 1}, ""method"": ""EXACT_ID"", ""requires_review"": false, ""source_id"": ""PAY0023"", ""stage"": ""PAYMENT_TO_SETTLEMENT"", ""target_ids"": [""SET0023""]}, {""accepted"": true, ""confidence"": 100.0, ""evidence"": {""match_basis"": ""settlement_id"", ""match_count"": 1}, ""method"": ""EXACT_ID"", ""requires_review"": false, ""source_id"": ""SET0023"", ""stage"": ""SETTLEMENT_TO_BANK"", ""target_ids"": [""BNK0023""]}], ""root_cause"": {""actual_bank_amount"": ""108000.00"", ""chargeback_adjustment_total"": ""0.00"", ""chargeback_evidence_total"": ""0.00"", ""expected_settlement"": ""108000.00"", ""gateway_fee_total"": ""0.00"", ""gst_total"": ""0.00"", ""invoice_amount"": ""108000.00"", ""match_confidence"": 100.0, ""other_adjustment_total"": ""0.00"", ""payment_total"": ""108000.00"", ""refund_adjustment_total"": ""0.00"", ""refund_evidence_total"": ""0.00"", ""settlement_delay_days"": [5]}}"
INV024,C004,BluePeak Logistics Pvt Ltd,103500.00,PAY0024,SET0024,BNK0024,103500.00,103500.00,100500.00,3000.00,UNRESOLVED,UNEXPLAINED,100.0,EXACT_ID,True,"₹3,000.00 cannot be explained by verified fees, refunds, chargebacks or known adjustments.",Escalate the settlement for manual investigation.,"{""chain_issues"": [], ""match_trace"": [{""accepted"": true, ""confidence"": 100.0, ""evidence"": {""match_basis"": ""invoice_id"", ""match_count"": 1}, ""method"": ""EXACT_ID"", ""requires_review"": false, ""source_id"": ""INV024"", ""stage"": ""INVOICE_TO_PAYMENT"", ""target_ids"": [""PAY0024""]}, {""accepted"": true, ""confidence"": 100.0, ""evidence"": {""match_basis"": ""payment_id"", ""match_count"": 1}, ""method"": ""EXACT_ID"", ""requires_review"": false, ""source_id"": ""PAY0024"", ""stage"": ""PAYMENT_TO_SETTLEMENT"", ""target_ids"": [""SET0024""]}, {""accepted"": true, ""confidence"": 100.0, ""evidence"": {""match_basis"": ""settlement_id"", ""match_count"": 1}, ""method"": ""EXACT_ID"", ""requires_review"": false, ""source_id"": ""SET0024"", ""stage"": ""SETTLEMENT_TO_BANK"", ""target_ids"": [""BNK0024""]}], ""root_cause"": {""actual_bank_amount"": ""100500.00"", ""chargeback_adjustment_total"": ""0.00"", ""chargeback_evidence_total"": ""0.00"", ""expected_settlement"": ""103500.00"", ""gateway_fee_total"": ""0.00"", ""gst_total"": ""0.00"", ""invoice_amount"": ""103500.00"", ""match_confidence"": 100.0, ""other_adjustment_total"": ""0.00"", ""payment_total"": ""103500.00"", ""refund_adjustment_total"": ""0.00"", ""refund_evidence_total"": ""0.00"", ""unexplained_difference"": ""3000.00""}}"
INV025,C005,Vertex Consulting LLP,423500.00,PAY0025,SET0025,BNK0025,423500.00,423500.00,423500.00,0.00,RECONCILED,CLEAN,100.0,EXACT_ID,False,"Invoice, payment, settlement and bank credit reconcile without unexplained differences.",No action required.,"{""chain_issues"": [], ""match_trace"": [{""accepted"": true, ""confidence"": 100.0, ""evidence"": {""match_basis"": ""invoice_id"", ""match_count"": 1}, ""method"": ""EXACT_ID"", ""requires_review"": false, ""source_id"": ""INV025"", ""stage"": ""INVOICE_TO_PAYMENT"", ""target_ids"": [""PAY0025""]}, {""accepted"": true, ""confidence"": 100.0, ""evidence"": {""match_basis"": ""payment_id"", ""match_count"": 1}, ""method"": ""EXACT_ID"", ""requires_review"": false, ""source_id"": ""PAY0025"", ""stage"": ""PAYMENT_TO_SETTLEMENT"", ""target_ids"": [""SET0025""]}, {""accepted"": true, ""confidence"": 100.0, ""evidence"": {""match_basis"": ""settlement_id"", ""match_count"": 1}, ""method"": ""EXACT_ID"", ""requires_review"": false, ""source_id"": ""SET0025"", ""stage"": ""SETTLEMENT_TO_BANK"", ""target_ids"": [""BNK0025""]}], ""root_cause"": {""actual_bank_amount"": ""423500.00"", ""chargeback_adjustment_total"": ""0.00"", ""chargeback_evidence_total"": ""0.00"", ""expected_settlement"": ""423500.00"", ""gateway_fee_total"": ""0.00"", ""gst_total"": ""0.00"", ""invoice_amount"": ""423500.00"", ""match_confidence"": 100.0, ""other_adjustment_total"": ""0.00"", ""payment_total"": ""423500.00"", ""refund_adjustment_total"": ""0.00"", ""refund_evidence_total"": ""0.00""}}"
INV026,C006,GreenCart Commerce Pvt Ltd,343500.00,PAY0026,SET0026,BNK0026,343500.00,0.00,0.00,0.00,EXPLAINED_EXCEPTION,CHARGEBACK,100.0,EXACT_ID,False,The settlement reduction is explained by an accepted customer chargeback.,Record the dispute impact and exclude the charged-back amount from expected receivables.,"{""chain_issues"": [], ""match_trace"": [{""accepted"": true, ""confidence"": 100.0, ""evidence"": {""match_basis"": ""invoice_id"", ""match_count"": 1}, ""method"": ""EXACT_ID"", ""requires_review"": false, ""source_id"": ""INV026"", ""stage"": ""INVOICE_TO_PAYMENT"", ""target_ids"": [""PAY0026""]}, {""accepted"": true, ""confidence"": 100.0, ""evidence"": {""match_basis"": ""payment_id"", ""match_count"": 1}, ""method"": ""EXACT_ID"", ""requires_review"": false, ""source_id"": ""PAY0026"", ""stage"": ""PAYMENT_TO_SETTLEMENT"", ""target_ids"": [""SET0026""]}, {""accepted"": true, ""confidence"": 100.0, ""evidence"": {""match_basis"": ""settlement_id"", ""match_count"": 1}, ""method"": ""EXACT_ID"", ""requires_review"": false, ""source_id"": ""SET0026"", ""stage"": ""SETTLEMENT_TO_BANK"", ""target_ids"": [""BNK0026""]}], ""root_cause"": {""actual_bank_amount"": ""0.00"", ""chargeback_adjustment_total"": ""343500.00"", ""chargeback_evidence_total"": ""343500.00"", ""expected_settlement"": ""0.00"", ""gateway_fee_total"": ""0.00"", ""gst_total"": ""0.00"", ""invoice_amount"": ""343500.00"", ""match_confidence"": 100.0, ""other_adjustment_total"": ""0.00"", ""payment_total"": ""343500.00"", ""refund_adjustment_total"": ""0.00"", ""refund_evidence_total"": ""0.00""}}"
INV027,C007,Orbit Systems Pvt Ltd,95000.00,PAY0027,SET0027,BNK0027,95000.00,95000.00,95000.00,0.00,RECONCILED,CLEAN,100.0,EXACT_ID,False,"Invoice, payment, settlement and bank credit reconcile without unexplained differences.",No action required.,"{""chain_issues"": [], ""match_trace"": [{""accepted"": true, ""confidence"": 100.0, ""evidence"": {""match_basis"": ""invoice_id"", ""match_count"": 1}, ""method"": ""EXACT_ID"", ""requires_review"": false, ""source_id"": ""INV027"", ""stage"": ""INVOICE_TO_PAYMENT"", ""target_ids"": [""PAY0027""]}, {""accepted"": true, ""confidence"": 100.0, ""evidence"": {""match_basis"": ""payment_id"", ""match_count"": 1}, ""method"": ""EXACT_ID"", ""requires_review"": false, ""source_id"": ""PAY0027"", ""stage"": ""PAYMENT_TO_SETTLEMENT"", ""target_ids"": [""SET0027""]}, {""accepted"": true, ""confidence"": 100.0, ""evidence"": {""match_basis"": ""settlement_id"", ""match_count"": 1}, ""method"": ""EXACT_ID"", ""requires_review"": false, ""source_id"": ""SET0027"", ""stage"": ""SETTLEMENT_TO_BANK"", ""target_ids"": [""BNK0027""]}], ""root_cause"": {""actual_bank_amount"": ""95000.00"", ""chargeback_adjustment_total"": ""0.00"", ""chargeback_evidence_total"": ""0.00"", ""expected_settlement"": ""95000.00"", ""gateway_fee_total"": ""0.00"", ""gst_total"": ""0.00"", ""invoice_amount"": ""95000.00"", ""match_confidence"": 100.0, ""other_adjustment_total"": ""0.00"", ""payment_total"": ""95000.00"", ""refund_adjustment_total"": ""0.00"", ""refund_evidence_total"": ""0.00""}}"
INV028,C008,Cedar Healthcare Pvt Ltd,452500.00,PAY0028,SET0028,BNK0028,452500.00,452500.00,452500.00,0.00,RECONCILED,CLEAN,100.0,EXACT_ID,False,"Invoice, payment, settlement and bank credit reconcile without unexplained differences.",No action required.,"{""chain_issues"": [], ""match_trace"": [{""accepted"": true, ""confidence"": 100.0, ""evidence"": {""match_basis"": ""invoice_id"", ""match_count"": 1}, ""method"": ""EXACT_ID"", ""requires_review"": false, ""source_id"": ""INV028"", ""stage"": ""INVOICE_TO_PAYMENT"", ""target_ids"": [""PAY0028""]}, {""accepted"": true, ""confidence"": 100.0, ""evidence"": {""match_basis"": ""payment_id"", ""match_count"": 1}, ""method"": ""EXACT_ID"", ""requires_review"": false, ""source_id"": ""PAY0028"", ""stage"": ""PAYMENT_TO_SETTLEMENT"", ""target_ids"": [""SET0028""]}, {""accepted"": true, ""confidence"": 100.0, ""evidence"": {""match_basis"": ""settlement_id"", ""match_count"": 1}, ""method"": ""EXACT_ID"", ""requires_review"": false, ""source_id"": ""SET0028"", ""stage"": ""SETTLEMENT_TO_BANK"", ""target_ids"": [""BNK0028""]}], ""root_cause"": {""actual_bank_amount"": ""452500.00"", ""chargeback_adjustment_total"": ""0.00"", ""chargeback_evidence_total"": ""0.00"", ""expected_settlement"": ""452500.00"", ""gateway_fee_total"": ""0.00"", ""gst_total"": ""0.00"", ""invoice_amount"": ""452500.00"", ""match_confidence"": 100.0, ""other_adjustment_total"": ""0.00"", ""payment_total"": ""452500.00"", ""refund_adjustment_total"": ""0.00"", ""refund_evidence_total"": ""0.00""}}"
INV029,C009,Nimbus Learning Pvt Ltd,204000.00,PAY0029,SET0029,BNK0029,204000.00,204000.00,204000.00,0.00,EXPLAINED_EXCEPTION,SETTLEMENT_DELAY,100.0,EXACT_ID,False,"The settlement amount reconciles, but the corresponding bank credit arrived later than the expected settlement window.",Track this delay in cash-position forecasting and monitor provider settlement performance.,"{""chain_issues"": [], ""match_trace"": [{""accepted"": true, ""confidence"": 100.0, ""evidence"": {""match_basis"": ""invoice_id"", ""match_count"": 1}, ""method"": ""EXACT_ID"", ""requires_review"": false, ""source_id"": ""INV029"", ""stage"": ""INVOICE_TO_PAYMENT"", ""target_ids"": [""PAY0029""]}, {""accepted"": true, ""confidence"": 100.0, ""evidence"": {""match_basis"": ""payment_id"", ""match_count"": 1}, ""method"": ""EXACT_ID"", ""requires_review"": false, ""source_id"": ""PAY0029"", ""stage"": ""PAYMENT_TO_SETTLEMENT"", ""target_ids"": [""SET0029""]}, {""accepted"": true, ""confidence"": 100.0, ""evidence"": {""match_basis"": ""settlement_id"", ""match_count"": 1}, ""method"": ""EXACT_ID"", ""requires_review"": false, ""source_id"": ""SET0029"", ""stage"": ""SETTLEMENT_TO_BANK"", ""target_ids"": [""BNK0029""]}], ""root_cause"": {""actual_bank_amount"": ""204000.00"", ""chargeback_adjustment_total"": ""0.00"", ""chargeback_evidence_total"": ""0.00"", ""expected_settlement"": ""204000.00"", ""gateway_fee_total"": ""0.00"", ""gst_total"": ""0.00"", ""invoice_amount"": ""204000.00"", ""match_confidence"": 100.0, ""other_adjustment_total"": ""0.00"", ""payment_total"": ""204000.00"", ""refund_adjustment_total"": ""0.00"", ""refund_evidence_total"": ""0.00"", ""settlement_delay_days"": [6]}}"
INV030,C010,UrbanNest Interiors LLP,156000.00,PAY0030,SET0030,BNK0030,156000.00,156000.00,156000.00,0.00,RECONCILED,CLEAN,100.0,EXACT_ID,False,"Invoice, payment, settlement and bank credit reconcile without unexplained differences.",No action required.,"{""chain_issues"": [], ""match_trace"": [{""accepted"": true, ""confidence"": 100.0, ""evidence"": {""match_basis"": ""invoice_id"", ""match_count"": 1}, ""method"": ""EXACT_ID"", ""requires_review"": false, ""source_id"": ""INV030"", ""stage"": ""INVOICE_TO_PAYMENT"", ""target_ids"": [""PAY0030""]}, {""accepted"": true, ""confidence"": 100.0, ""evidence"": {""match_basis"": ""payment_id"", ""match_count"": 1}, ""method"": ""EXACT_ID"", ""requires_review"": false, ""source_id"": ""PAY0030"", ""stage"": ""PAYMENT_TO_SETTLEMENT"", ""target_ids"": [""SET0030""]}, {""accepted"": true, ""confidence"": 100.0, ""evidence"": {""match_basis"": ""settlement_id"", ""match_count"": 1}, ""method"": ""EXACT_ID"", ""requires_review"": false, ""source_id"": ""SET0030"", ""stage"": ""SETTLEMENT_TO_BANK"", ""target_ids"": [""BNK0030""]}], ""root_cause"": {""actual_bank_amount"": ""156000.00"", ""chargeback_adjustment_total"": ""0.00"", ""chargeback_evidence_total"": ""0.00"", ""expected_settlement"": ""156000.00"", ""gateway_fee_total"": ""0.00"", ""gst_total"": ""0.00"", ""invoice_amount"": ""156000.00"", ""match_confidence"": 100.0, ""other_adjustment_total"": ""0.00"", ""payment_total"": ""156000.00"", ""refund_adjustment_total"": ""0.00"", ""refund_evidence_total"": ""0.00""}}"
INV031,C011,Silverline Manufacturing Pvt Ltd,107000.00,PAY0031,SET0031,BNK0031,107000.00,107000.00,107000.00,0.00,RECONCILED,CLEAN,100.0,EXACT_ID,False,"Invoice, payment, settlement and bank credit reconcile without unexplained differences.",No action required.,"{""chain_issues"": [], ""match_trace"": [{""accepted"": true, ""confidence"": 100.0, ""evidence"": {""match_basis"": ""invoice_id"", ""match_count"": 1}, ""method"": ""EXACT_ID"", ""requires_review"": false, ""source_id"": ""INV031"", ""stage"": ""INVOICE_TO_PAYMENT"", ""target_ids"": [""PAY0031""]}, {""accepted"": true, ""confidence"": 100.0, ""evidence"": {""match_basis"": ""payment_id"", ""match_count"": 1}, ""method"": ""EXACT_ID"", ""requires_review"": false, ""source_id"": ""PAY0031"", ""stage"": ""PAYMENT_TO_SETTLEMENT"", ""target_ids"": [""SET0031""]}, {""accepted"": true, ""confidence"": 100.0, ""evidence"": {""match_basis"": ""settlement_id"", ""match_count"": 1}, ""method"": ""EXACT_ID"", ""requires_review"": false, ""source_id"": ""SET0031"", ""stage"": ""SETTLEMENT_TO_BANK"", ""target_ids"": [""BNK0031""]}], ""root_cause"": {""actual_bank_amount"": ""107000.00"", ""chargeback_adjustment_total"": ""0.00"", ""chargeback_evidence_total"": ""0.00"", ""expected_settlement"": ""107000.00"", ""gateway_fee_total"": ""0.00"", ""gst_total"": ""0.00"", ""invoice_amount"": ""107000.00"", ""match_confidence"": 100.0, ""other_adjustment_total"": ""0.00"", ""payment_total"": ""107000.00"", ""refund_adjustment_total"": ""0.00"", ""refund_evidence_total"": ""0.00""}}"
INV032,C012,Aster Mobility Pvt Ltd,386500.00,PAY0032,SET0032,BNK0032,386500.00,386500.00,386500.00,0.00,RECONCILED,CLEAN,100.0,EXACT_ID,False,"Invoice, payment, settlement and bank credit reconcile without unexplained differences.",No action required.,"{""chain_issues"": [], ""match_trace"": [{""accepted"": true, ""confidence"": 100.0, ""evidence"": {""match_basis"": ""invoice_id"", ""match_count"": 1}, ""method"": ""EXACT_ID"", ""requires_review"": false, ""source_id"": ""INV032"", ""stage"": ""INVOICE_TO_PAYMENT"", ""target_ids"": [""PAY0032""]}, {""accepted"": true, ""confidence"": 100.0, ""evidence"": {""match_basis"": ""payment_id"", ""match_count"": 1}, ""method"": ""EXACT_ID"", ""requires_review"": false, ""source_id"": ""PAY0032"", ""stage"": ""PAYMENT_TO_SETTLEMENT"", ""target_ids"": [""SET0032""]}, {""accepted"": true, ""confidence"": 100.0, ""evidence"": {""match_basis"": ""settlement_id"", ""match_count"": 1}, ""method"": ""EXACT_ID"", ""requires_review"": false, ""source_id"": ""SET0032"", ""stage"": ""SETTLEMENT_TO_BANK"", ""target_ids"": [""BNK0032""]}], ""root_cause"": {""actual_bank_amount"": ""386500.00"", ""chargeback_adjustment_total"": ""0.00"", ""chargeback_evidence_total"": ""0.00"", ""expected_settlement"": ""386500.00"", ""gateway_fee_total"": ""0.00"", ""gst_total"": ""0.00"", ""invoice_amount"": ""386500.00"", ""match_confidence"": 100.0, ""other_adjustment_total"": ""0.00"", ""payment_total"": ""386500.00"", ""refund_adjustment_total"": ""0.00"", ""refund_evidence_total"": ""0.00""}}"
INV033,C013,BrightGrid Energy Pvt Ltd,35500.00,PAY0033,SET0033,BNK0033,35500.00,0.00,0.00,0.00,EXPLAINED_EXCEPTION,CHARGEBACK,100.0,EXACT_ID,False,The settlement reduction is explained by an accepted customer chargeback.,Record the dispute impact and exclude the charged-back amount from expected receivables.,"{""chain_issues"": [], ""match_trace"": [{""accepted"": true, ""confidence"": 100.0, ""evidence"": {""match_basis"": ""invoice_id"", ""match_count"": 1}, ""method"": ""EXACT_ID"", ""requires_review"": false, ""source_id"": ""INV033"", ""stage"": ""INVOICE_TO_PAYMENT"", ""target_ids"": [""PAY0033""]}, {""accepted"": true, ""confidence"": 100.0, ""evidence"": {""match_basis"": ""payment_id"", ""match_count"": 1}, ""method"": ""EXACT_ID"", ""requires_review"": false, ""source_id"": ""PAY0033"", ""stage"": ""PAYMENT_TO_SETTLEMENT"", ""target_ids"": [""SET0033""]}, {""accepted"": true, ""confidence"": 100.0, ""evidence"": {""match_basis"": ""settlement_id"", ""match_count"": 1}, ""method"": ""EXACT_ID"", ""requires_review"": false, ""source_id"": ""SET0033"", ""stage"": ""SETTLEMENT_TO_BANK"", ""target_ids"": [""BNK0033""]}], ""root_cause"": {""actual_bank_amount"": ""0.00"", ""chargeback_adjustment_total"": ""35500.00"", ""chargeback_evidence_total"": ""35500.00"", ""expected_settlement"": ""0.00"", ""gateway_fee_total"": ""0.00"", ""gst_total"": ""0.00"", ""invoice_amount"": ""35500.00"", ""match_confidence"": 100.0, ""other_adjustment_total"": ""0.00"", ""payment_total"": ""35500.00"", ""refund_adjustment_total"": ""0.00"", ""refund_evidence_total"": ""0.00""}}"
INV034,C014,PixelCraft Media LLP,51000.00,PAY0034,SET0034,BNK0034,46000.00,46000.00,46000.00,0.00,UNRESOLVED,AMOUNT_MISMATCH,100.0,EXACT_ID,True,The amount collected does not agree with the invoice terms.,Review the payment amount and invoice terms before reconciliation.,"{""chain_issues"": [], ""match_trace"": [{""accepted"": true, ""confidence"": 100.0, ""evidence"": {""match_basis"": ""invoice_id"", ""match_count"": 1}, ""method"": ""EXACT_ID"", ""requires_review"": false, ""source_id"": ""INV034"", ""stage"": ""INVOICE_TO_PAYMENT"", ""target_ids"": [""PAY0034""]}, {""accepted"": true, ""confidence"": 100.0, ""evidence"": {""match_basis"": ""payment_id"", ""match_count"": 1}, ""method"": ""EXACT_ID"", ""requires_review"": false, ""source_id"": ""PAY0034"", ""stage"": ""PAYMENT_TO_SETTLEMENT"", ""target_ids"": [""SET0034""]}, {""accepted"": true, ""confidence"": 100.0, ""evidence"": {""match_basis"": ""settlement_id"", ""match_count"": 1}, ""method"": ""EXACT_ID"", ""requires_review"": false, ""source_id"": ""SET0034"", ""stage"": ""SETTLEMENT_TO_BANK"", ""target_ids"": [""BNK0034""]}], ""root_cause"": {""actual_bank_amount"": ""46000.00"", ""chargeback_adjustment_total"": ""0.00"", ""chargeback_evidence_total"": ""0.00"", ""expected_settlement"": ""46000.00"", ""gateway_fee_total"": ""0.00"", ""gst_total"": ""0.00"", ""invoice_amount"": ""51000.00"", ""invoice_payment_difference"": ""5000.00"", ""match_confidence"": 100.0, ""other_adjustment_total"": ""0.00"", ""payment_total"": ""46000.00"", ""refund_adjustment_total"": ""0.00"", ""refund_evidence_total"": ""0.00""}}"
INV035,C015,PrimeLeaf Consumer Products Pvt Ltd,451000.00,PAY0035|PAY0036,SET0035|SET0036,BNK0035|BNK0036,902000.00,902000.00,902000.00,0.00,EXPLAINED_EXCEPTION,DUPLICATE_PAYMENT,100.0,EXACT_ID,True,Multiple full-value payments were received against the same invoice within a short time window.,Review the duplicate receipt and determine whether a refund or customer credit is required.,"{""chain_issues"": [], ""match_trace"": [{""accepted"": true, ""confidence"": 100.0, ""evidence"": {""match_basis"": ""invoice_id"", ""match_count"": 2}, ""method"": ""EXACT_ID"", ""requires_review"": false, ""source_id"": ""INV035"", ""stage"": ""INVOICE_TO_PAYMENT"", ""target_ids"": [""PAY0035"", ""PAY0036""]}, {""accepted"": true, ""confidence"": 100.0, ""evidence"": {""match_basis"": ""payment_id"", ""match_count"": 1}, ""method"": ""EXACT_ID"", ""requires_review"": false, ""source_id"": ""PAY0035"", ""stage"": ""PAYMENT_TO_SETTLEMENT"", ""target_ids"": [""SET0035""]}, {""accepted"": true, ""confidence"": 100.0, ""evidence"": {""match_basis"": ""payment_id"", ""match_count"": 1}, ""method"": ""EXACT_ID"", ""requires_review"": false, ""source_id"": ""PAY0036"", ""stage"": ""PAYMENT_TO_SETTLEMENT"", ""target_ids"": [""SET0036""]}, {""accepted"": true, ""confidence"": 100.0, ""evidence"": {""match_basis"": ""settlement_id"", ""match_count"": 1}, ""method"": ""EXACT_ID"", ""requires_review"": false, ""source_id"": ""SET0035"", ""stage"": ""SETTLEMENT_TO_BANK"", ""target_ids"": [""BNK0035""]}, {""accepted"": true, ""confidence"": 100.0, ""evidence"": {""match_basis"": ""settlement_id"", ""match_count"": 1}, ""method"": ""EXACT_ID"", ""requires_review"": false, ""source_id"": ""SET0036"", ""stage"": ""SETTLEMENT_TO_BANK"", ""target_ids"": [""BNK0036""]}], ""root_cause"": {""actual_bank_amount"": ""902000.00"", ""chargeback_adjustment_total"": ""0.00"", ""chargeback_evidence_total"": ""0.00"", ""expected_settlement"": ""902000.00"", ""gateway_fee_total"": ""0.00"", ""gst_total"": ""0.00"", ""invoice_amount"": ""451000.00"", ""match_confidence"": 100.0, ""other_adjustment_total"": ""0.00"", ""payment_total"": ""902000.00"", ""refund_adjustment_total"": ""0.00"", ""refund_evidence_total"": ""0.00""}}"
INV036,C016,CloudArc Solutions Pvt Ltd,314000.00,PAY0037,SET0037,BNK0037,314000.00,314000.00,314000.00,0.00,RECONCILED,CLEAN,100.0,EXACT_ID,False,"Invoice, payment, settlement and bank credit reconcile without unexplained differences.",No action required.,"{""chain_issues"": [], ""match_trace"": [{""accepted"": true, ""confidence"": 100.0, ""evidence"": {""match_basis"": ""invoice_id"", ""match_count"": 1}, ""method"": ""EXACT_ID"", ""requires_review"": false, ""source_id"": ""INV036"", ""stage"": ""INVOICE_TO_PAYMENT"", ""target_ids"": [""PAY0037""]}, {""accepted"": true, ""confidence"": 100.0, ""evidence"": {""match_basis"": ""payment_id"", ""match_count"": 1}, ""method"": ""EXACT_ID"", ""requires_review"": false, ""source_id"": ""PAY0037"", ""stage"": ""PAYMENT_TO_SETTLEMENT"", ""target_ids"": [""SET0037""]}, {""accepted"": true, ""confidence"": 100.0, ""evidence"": {""match_basis"": ""settlement_id"", ""match_count"": 1}, ""method"": ""EXACT_ID"", ""requires_review"": false, ""source_id"": ""SET0037"", ""stage"": ""SETTLEMENT_TO_BANK"", ""target_ids"": [""BNK0037""]}], ""root_cause"": {""actual_bank_amount"": ""314000.00"", ""chargeback_adjustment_total"": ""0.00"", ""chargeback_evidence_total"": ""0.00"", ""expected_settlement"": ""314000.00"", ""gateway_fee_total"": ""0.00"", ""gst_total"": ""0.00"", ""invoice_amount"": ""314000.00"", ""match_confidence"": 100.0, ""other_adjustment_total"": ""0.00"", ""payment_total"": ""314000.00"", ""refund_adjustment_total"": ""0.00"", ""refund_evidence_total"": ""0.00""}}"
INV037,C017,MetroMart Retail LLP,346500.00,PAY0038,SET0038,BNK0038,346500.00,346500.00,346500.00,0.00,RECONCILED,CLEAN,100.0,FUZZY,False,"Invoice, payment, settlement and bank credit reconcile without unexplained differences.",No action required.,"{""chain_issues"": [], ""match_trace"": [{""accepted"": true, ""confidence"": 100.0, ""evidence"": {""amount_score"": 100.0, ""candidate_count"": 1, ""confidence_band"": ""AUTO_MATCH"", ""customer_score"": 100.0, ""date_distance_days"": 5, ""date_score"": 100.0, ""decision_reason"": ""High confidence with sufficient separation from competing candidates."", ""margin"": null, ""reference_score"": 100.0, ""second_best_score"": null}, ""method"": ""FUZZY"", ""requires_review"": false, ""source_id"": ""INV037"", ""stage"": ""INVOICE_TO_PAYMENT"", ""target_ids"": [""PAY0038""]}, {""accepted"": true, ""confidence"": 100.0, ""evidence"": {""amount_score"": 100.0, ""candidate_count"": 1, ""confidence_band"": ""AUTO_MATCH"", ""date_distance_days"": 2, ""date_score"": 100.0, ""decision_reason"": ""High confidence with sufficient separation from competing candidates."", ""margin"": null, ""reference_score"": 100.0, ""second_best_score"": null}, ""method"": ""FUZZY"", ""requires_review"": false, ""source_id"": ""PAY0038"", ""stage"": ""PAYMENT_TO_SETTLEMENT"", ""target_ids"": [""SET0038""]}, {""accepted"": true, ""confidence"": 100.0, ""evidence"": {""amount_score"": 100.0, ""candidate_count"": 1, ""confidence_band"": ""AUTO_MATCH"", ""date_distance_days"": 0, ""date_score"": 100.0, ""decision_reason"": ""High confidence with sufficient separation from competing candidates."", ""margin"": null, ""reference_score"": 100.0, ""second_best_score"": null}, ""method"": ""FUZZY"", ""requires_review"": false, ""source_id"": ""SET0038"", ""stage"": ""SETTLEMENT_TO_BANK"", ""target_ids"": [""BNK0038""]}], ""root_cause"": {""actual_bank_amount"": ""346500.00"", ""chargeback_adjustment_total"": ""0.00"", ""chargeback_evidence_total"": ""0.00"", ""expected_settlement"": ""346500.00"", ""gateway_fee_total"": ""0.00"", ""gst_total"": ""0.00"", ""invoice_amount"": ""346500.00"", ""match_confidence"": 100.0, ""other_adjustment_total"": ""0.00"", ""payment_total"": ""346500.00"", ""refund_adjustment_total"": ""0.00"", ""refund_evidence_total"": ""0.00""}}"
INV038,C018,NorthStar Components Pvt Ltd,114500.00,PAY0039,SET0039,BNK0039,114500.00,114500.00,114500.00,0.00,RECONCILED,CLEAN,98.5,FUZZY,False,"Invoice, payment, settlement and bank credit reconcile without unexplained differences.",No action required.,"{""chain_issues"": [], ""match_trace"": [{""accepted"": true, ""confidence"": 98.5, ""evidence"": {""amount_score"": 100.0, ""candidate_count"": 1, ""confidence_band"": ""AUTO_MATCH"", ""customer_score"": 100.0, ""date_distance_days"": 10, ""date_score"": 85.0, ""decision_reason"": ""High confidence with sufficient separation from competing candidates."", ""margin"": null, ""reference_score"": 100.0, ""second_best_score"": null}, ""method"": ""FUZZY"", ""requires_review"": false, ""source_id"": ""INV038"", ""stage"": ""INVOICE_TO_PAYMENT"", ""target_ids"": [""PAY0039""]}, {""accepted"": true, ""confidence"": 100.0, ""evidence"": {""amount_score"": 100.0, ""candidate_count"": 1, ""confidence_band"": ""AUTO_MATCH"", ""date_distance_days"": 2, ""date_score"": 100.0, ""decision_reason"": ""High confidence with sufficient separation from competing candidates."", ""margin"": null, ""reference_score"": 100.0, ""second_best_score"": null}, ""method"": ""FUZZY"", ""requires_review"": false, ""source_id"": ""PAY0039"", ""stage"": ""PAYMENT_TO_SETTLEMENT"", ""target_ids"": [""SET0039""]}, {""accepted"": true, ""confidence"": 100.0, ""evidence"": {""amount_score"": 100.0, ""candidate_count"": 1, ""confidence_band"": ""AUTO_MATCH"", ""date_distance_days"": 0, ""date_score"": 100.0, ""decision_reason"": ""High confidence with sufficient separation from competing candidates."", ""margin"": null, ""reference_score"": 100.0, ""second_best_score"": null}, ""method"": ""FUZZY"", ""requires_review"": false, ""source_id"": ""SET0039"", ""stage"": ""SETTLEMENT_TO_BANK"", ""target_ids"": [""BNK0039""]}], ""root_cause"": {""actual_bank_amount"": ""114500.00"", ""chargeback_adjustment_total"": ""0.00"", ""chargeback_evidence_total"": ""0.00"", ""expected_settlement"": ""114500.00"", ""gateway_fee_total"": ""0.00"", ""gst_total"": ""0.00"", ""invoice_amount"": ""114500.00"", ""match_confidence"": 98.5, ""other_adjustment_total"": ""0.00"", ""payment_total"": ""114500.00"", ""refund_adjustment_total"": ""0.00"", ""refund_evidence_total"": ""0.00""}}"
INV039,C019,SwiftRoute Services Pvt Ltd,145500.00,PAY0040,SET0040,BNK0040,109125.00,109125.00,109125.00,0.00,EXPLAINED_EXCEPTION,PARTIAL_PAYMENT,100.0,EXACT_ID,False,The invoice permits installments and only part of the receivable has been collected.,Keep the remaining balance open and include it in receivables and cash-flow forecasting.,"{""chain_issues"": [], ""match_trace"": [{""accepted"": true, ""confidence"": 100.0, ""evidence"": {""match_basis"": ""invoice_id"", ""match_count"": 1}, ""method"": ""EXACT_ID"", ""requires_review"": false, ""source_id"": ""INV039"", ""stage"": ""INVOICE_TO_PAYMENT"", ""target_ids"": [""PAY0040""]}, {""accepted"": true, ""confidence"": 100.0, ""evidence"": {""match_basis"": ""payment_id"", ""match_count"": 1}, ""method"": ""EXACT_ID"", ""requires_review"": false, ""source_id"": ""PAY0040"", ""stage"": ""PAYMENT_TO_SETTLEMENT"", ""target_ids"": [""SET0040""]}, {""accepted"": true, ""confidence"": 100.0, ""evidence"": {""match_basis"": ""settlement_id"", ""match_count"": 1}, ""method"": ""EXACT_ID"", ""requires_review"": false, ""source_id"": ""SET0040"", ""stage"": ""SETTLEMENT_TO_BANK"", ""target_ids"": [""BNK0040""]}], ""root_cause"": {""actual_bank_amount"": ""109125.00"", ""chargeback_adjustment_total"": ""0.00"", ""chargeback_evidence_total"": ""0.00"", ""expected_settlement"": ""109125.00"", ""gateway_fee_total"": ""0.00"", ""gst_total"": ""0.00"", ""invoice_amount"": ""145500.00"", ""invoice_payment_difference"": ""36375.00"", ""match_confidence"": 100.0, ""other_adjustment_total"": ""0.00"", ""payment_total"": ""109125.00"", ""refund_adjustment_total"": ""0.00"", ""refund_evidence_total"": ""0.00""}}"
INV040,C020,Zenith Business Solutions LLP,171500.00,PAY0041,SET0041,BNK0041,171500.00,171500.00,171500.00,0.00,RECONCILED,CLEAN,96.0,FUZZY,False,"Invoice, payment, settlement and bank credit reconcile without unexplained differences.",No action required.,"{""chain_issues"": [], ""match_trace"": [{""accepted"": true, ""confidence"": 96.0, ""evidence"": {""amount_score"": 100.0, ""candidate_count"": 1, ""confidence_band"": ""AUTO_MATCH"", ""customer_score"": 100.0, ""date_distance_days"": 35, ""date_score"": 60.0, ""decision_reason"": ""High confidence with sufficient separation from competing candidates."", ""margin"": null, ""reference_score"": 100.0, ""second_best_score"": null}, ""method"": ""FUZZY"", ""requires_review"": false, ""source_id"": ""INV040"", ""stage"": ""INVOICE_TO_PAYMENT"", ""target_ids"": [""PAY0041""]}, {""accepted"": true, ""confidence"": 100.0, ""evidence"": {""amount_score"": 100.0, ""candidate_count"": 1, ""confidence_band"": ""AUTO_MATCH"", ""date_distance_days"": 2, ""date_score"": 100.0, ""decision_reason"": ""High confidence with sufficient separation from competing candidates."", ""margin"": null, ""reference_score"": 100.0, ""second_best_score"": null}, ""method"": ""FUZZY"", ""requires_review"": false, ""source_id"": ""PAY0041"", ""stage"": ""PAYMENT_TO_SETTLEMENT"", ""target_ids"": [""SET0041""]}, {""accepted"": true, ""confidence"": 100.0, ""evidence"": {""amount_score"": 100.0, ""candidate_count"": 1, ""confidence_band"": ""AUTO_MATCH"", ""date_distance_days"": 0, ""date_score"": 100.0, ""decision_reason"": ""High confidence with sufficient separation from competing candidates."", ""margin"": null, ""reference_score"": 100.0, ""second_best_score"": null}, ""method"": ""FUZZY"", ""requires_review"": false, ""source_id"": ""SET0041"", ""stage"": ""SETTLEMENT_TO_BANK"", ""target_ids"": [""BNK0041""]}], ""root_cause"": {""actual_bank_amount"": ""171500.00"", ""chargeback_adjustment_total"": ""0.00"", ""chargeback_evidence_total"": ""0.00"", ""expected_settlement"": ""171500.00"", ""gateway_fee_total"": ""0.00"", ""gst_total"": ""0.00"", ""invoice_amount"": ""171500.00"", ""match_confidence"": 96.0, ""other_adjustment_total"": ""0.00"", ""payment_total"": ""171500.00"", ""refund_adjustment_total"": ""0.00"", ""refund_evidence_total"": ""0.00""}}"
INV041,C001,Alpha Retail Pvt Ltd,244500.00,PAY0042,SET0042,BNK0042,244500.00,0.00,0.00,0.00,EXPLAINED_EXCEPTION,CHARGEBACK,100.0,EXACT_ID,False,The settlement reduction is explained by an accepted customer chargeback.,Record the dispute impact and exclude the charged-back amount from expected receivables.,"{""chain_issues"": [], ""match_trace"": [{""accepted"": true, ""confidence"": 100.0, ""evidence"": {""match_basis"": ""invoice_id"", ""match_count"": 1}, ""method"": ""EXACT_ID"", ""requires_review"": false, ""source_id"": ""INV041"", ""stage"": ""INVOICE_TO_PAYMENT"", ""target_ids"": [""PAY0042""]}, {""accepted"": true, ""confidence"": 100.0, ""evidence"": {""match_basis"": ""payment_id"", ""match_count"": 1}, ""method"": ""EXACT_ID"", ""requires_review"": false, ""source_id"": ""PAY0042"", ""stage"": ""PAYMENT_TO_SETTLEMENT"", ""target_ids"": [""SET0042""]}, {""accepted"": true, ""confidence"": 100.0, ""evidence"": {""match_basis"": ""settlement_id"", ""match_count"": 1}, ""method"": ""EXACT_ID"", ""requires_review"": false, ""source_id"": ""SET0042"", ""stage"": ""SETTLEMENT_TO_BANK"", ""target_ids"": [""BNK0042""]}], ""root_cause"": {""actual_bank_amount"": ""0.00"", ""chargeback_adjustment_total"": ""244500.00"", ""chargeback_evidence_total"": ""244500.00"", ""expected_settlement"": ""0.00"", ""gateway_fee_total"": ""0.00"", ""gst_total"": ""0.00"", ""invoice_amount"": ""244500.00"", ""match_confidence"": 100.0, ""other_adjustment_total"": ""0.00"", ""payment_total"": ""244500.00"", ""refund_adjustment_total"": ""0.00"", ""refund_evidence_total"": ""0.00""}}"
INV042,C002,Nova Technologies Pvt Ltd,119000.00,PAY0043,SET0043,BNK0043,71400.00,71400.00,71400.00,0.00,EXPLAINED_EXCEPTION,PARTIAL_PAYMENT,100.0,EXACT_ID,False,The invoice permits installments and only part of the receivable has been collected.,Keep the remaining balance open and include it in receivables and cash-flow forecasting.,"{""chain_issues"": [], ""match_trace"": [{""accepted"": true, ""confidence"": 100.0, ""evidence"": {""match_basis"": ""invoice_id"", ""match_count"": 1}, ""method"": ""EXACT_ID"", ""requires_review"": false, ""source_id"": ""INV042"", ""stage"": ""INVOICE_TO_PAYMENT"", ""target_ids"": [""PAY0043""]}, {""accepted"": true, ""confidence"": 100.0, ""evidence"": {""match_basis"": ""payment_id"", ""match_count"": 1}, ""method"": ""EXACT_ID"", ""requires_review"": false, ""source_id"": ""PAY0043"", ""stage"": ""PAYMENT_TO_SETTLEMENT"", ""target_ids"": [""SET0043""]}, {""accepted"": true, ""confidence"": 100.0, ""evidence"": {""match_basis"": ""settlement_id"", ""match_count"": 1}, ""method"": ""EXACT_ID"", ""requires_review"": false, ""source_id"": ""SET0043"", ""stage"": ""SETTLEMENT_TO_BANK"", ""target_ids"": [""BNK0043""]}], ""root_cause"": {""actual_bank_amount"": ""71400.00"", ""chargeback_adjustment_total"": ""0.00"", ""chargeback_evidence_total"": ""0.00"", ""expected_settlement"": ""71400.00"", ""gateway_fee_total"": ""0.00"", ""gst_total"": ""0.00"", ""invoice_amount"": ""119000.00"", ""invoice_payment_difference"": ""47600.00"", ""match_confidence"": 100.0, ""other_adjustment_total"": ""0.00"", ""payment_total"": ""71400.00"", ""refund_adjustment_total"": ""0.00"", ""refund_evidence_total"": ""0.00""}}"
INV043,C003,Horizon Foods LLP,460000.00,PAY0044,SET0044,BNK0044,460000.00,449144.00,449144.00,0.00,RECONCILED,GATEWAY_FEE_GST,100.0,EXACT_ID,False,The lower bank credit is fully explained by recorded gateway fees and GST.,No reconciliation action required.,"{""chain_issues"": [], ""match_trace"": [{""accepted"": true, ""confidence"": 100.0, ""evidence"": {""match_basis"": ""invoice_id"", ""match_count"": 1}, ""method"": ""EXACT_ID"", ""requires_review"": false, ""source_id"": ""INV043"", ""stage"": ""INVOICE_TO_PAYMENT"", ""target_ids"": [""PAY0044""]}, {""accepted"": true, ""confidence"": 100.0, ""evidence"": {""match_basis"": ""payment_id"", ""match_count"": 1}, ""method"": ""EXACT_ID"", ""requires_review"": false, ""source_id"": ""PAY0044"", ""stage"": ""PAYMENT_TO_SETTLEMENT"", ""target_ids"": [""SET0044""]}, {""accepted"": true, ""confidence"": 100.0, ""evidence"": {""match_basis"": ""settlement_id"", ""match_count"": 1}, ""method"": ""EXACT_ID"", ""requires_review"": false, ""source_id"": ""SET0044"", ""stage"": ""SETTLEMENT_TO_BANK"", ""target_ids"": [""BNK0044""]}], ""root_cause"": {""actual_bank_amount"": ""449144.00"", ""chargeback_adjustment_total"": ""0.00"", ""chargeback_evidence_total"": ""0.00"", ""expected_settlement"": ""449144.00"", ""gateway_fee_total"": ""9200.00"", ""gst_total"": ""1656.00"", ""invoice_amount"": ""460000.00"", ""match_confidence"": 100.0, ""other_adjustment_total"": ""0.00"", ""payment_total"": ""460000.00"", ""refund_adjustment_total"": ""0.00"", ""refund_evidence_total"": ""0.00""}}"
INV044,C004,BluePeak Logistics Pvt Ltd,234000.00,PAY0045,SET0045,BNK0045,234000.00,234000.00,234000.00,0.00,RECONCILED,CLEAN,100.0,EXACT_ID,False,"Invoice, payment, settlement and bank credit reconcile without unexplained differences.",No action required.,"{""chain_issues"": [], ""match_trace"": [{""accepted"": true, ""confidence"": 100.0, ""evidence"": {""match_basis"": ""invoice_id"", ""match_count"": 1}, ""method"": ""EXACT_ID"", ""requires_review"": false, ""source_id"": ""INV044"", ""stage"": ""INVOICE_TO_PAYMENT"", ""target_ids"": [""PAY0045""]}, {""accepted"": true, ""confidence"": 100.0, ""evidence"": {""match_basis"": ""payment_id"", ""match_count"": 1}, ""method"": ""EXACT_ID"", ""requires_review"": false, ""source_id"": ""PAY0045"", ""stage"": ""PAYMENT_TO_SETTLEMENT"", ""target_ids"": [""SET0045""]}, {""accepted"": true, ""confidence"": 100.0, ""evidence"": {""match_basis"": ""settlement_id"", ""match_count"": 1}, ""method"": ""EXACT_ID"", ""requires_review"": false, ""source_id"": ""SET0045"", ""stage"": ""SETTLEMENT_TO_BANK"", ""target_ids"": [""BNK0045""]}], ""root_cause"": {""actual_bank_amount"": ""234000.00"", ""chargeback_adjustment_total"": ""0.00"", ""chargeback_evidence_total"": ""0.00"", ""expected_settlement"": ""234000.00"", ""gateway_fee_total"": ""0.00"", ""gst_total"": ""0.00"", ""invoice_amount"": ""234000.00"", ""match_confidence"": 100.0, ""other_adjustment_total"": ""0.00"", ""payment_total"": ""234000.00"", ""refund_adjustment_total"": ""0.00"", ""refund_evidence_total"": ""0.00""}}"
INV045,C005,Vertex Consulting LLP,423000.00,PAY0046,SET0046,BNK0046,423000.00,423000.00,423000.00,0.00,RECONCILED,CLEAN,100.0,EXACT_ID,False,"Invoice, payment, settlement and bank credit reconcile without unexplained differences.",No action required.,"{""chain_issues"": [], ""match_trace"": [{""accepted"": true, ""confidence"": 100.0, ""evidence"": {""match_basis"": ""invoice_id"", ""match_count"": 1}, ""method"": ""EXACT_ID"", ""requires_review"": false, ""source_id"": ""INV045"", ""stage"": ""INVOICE_TO_PAYMENT"", ""target_ids"": [""PAY0046""]}, {""accepted"": true, ""confidence"": 100.0, ""evidence"": {""match_basis"": ""payment_id"", ""match_count"": 1}, ""method"": ""EXACT_ID"", ""requires_review"": false, ""source_id"": ""PAY0046"", ""stage"": ""PAYMENT_TO_SETTLEMENT"", ""target_ids"": [""SET0046""]}, {""accepted"": true, ""confidence"": 100.0, ""evidence"": {""match_basis"": ""settlement_id"", ""match_count"": 1}, ""method"": ""EXACT_ID"", ""requires_review"": false, ""source_id"": ""SET0046"", ""stage"": ""SETTLEMENT_TO_BANK"", ""target_ids"": [""BNK0046""]}], ""root_cause"": {""actual_bank_amount"": ""423000.00"", ""chargeback_adjustment_total"": ""0.00"", ""chargeback_evidence_total"": ""0.00"", ""expected_settlement"": ""423000.00"", ""gateway_fee_total"": ""0.00"", ""gst_total"": ""0.00"", ""invoice_amount"": ""423000.00"", ""match_confidence"": 100.0, ""other_adjustment_total"": ""0.00"", ""payment_total"": ""423000.00"", ""refund_adjustment_total"": ""0.00"", ""refund_evidence_total"": ""0.00""}}"
INV046,C006,GreenCart Commerce Pvt Ltd,428000.00,PAY0047,SET0047,BNK0047,428000.00,428000.00,428000.00,0.00,RECONCILED,CLEAN,100.0,FUZZY,False,"Invoice, payment, settlement and bank credit reconcile without unexplained differences.",No action required.,"{""chain_issues"": [], ""match_trace"": [{""accepted"": true, ""confidence"": 100.0, ""evidence"": {""amount_score"": 100.0, ""candidate_count"": 1, ""confidence_band"": ""AUTO_MATCH"", ""customer_score"": 100.0, ""date_distance_days"": 5, ""date_score"": 100.0, ""decision_reason"": ""High confidence with sufficient separation from competing candidates."", ""margin"": null, ""reference_score"": 100.0, ""second_best_score"": null}, ""method"": ""FUZZY"", ""requires_review"": false, ""source_id"": ""INV046"", ""stage"": ""INVOICE_TO_PAYMENT"", ""target_ids"": [""PAY0047""]}, {""accepted"": true, ""confidence"": 100.0, ""evidence"": {""amount_score"": 100.0, ""candidate_count"": 1, ""confidence_band"": ""AUTO_MATCH"", ""date_distance_days"": 2, ""date_score"": 100.0, ""decision_reason"": ""High confidence with sufficient separation from competing candidates."", ""margin"": null, ""reference_score"": 100.0, ""second_best_score"": null}, ""method"": ""FUZZY"", ""requires_review"": false, ""source_id"": ""PAY0047"", ""stage"": ""PAYMENT_TO_SETTLEMENT"", ""target_ids"": [""SET0047""]}, {""accepted"": true, ""confidence"": 100.0, ""evidence"": {""amount_score"": 100.0, ""candidate_count"": 1, ""confidence_band"": ""AUTO_MATCH"", ""date_distance_days"": 0, ""date_score"": 100.0, ""decision_reason"": ""High confidence with sufficient separation from competing candidates."", ""margin"": null, ""reference_score"": 100.0, ""second_best_score"": null}, ""method"": ""FUZZY"", ""requires_review"": false, ""source_id"": ""SET0047"", ""stage"": ""SETTLEMENT_TO_BANK"", ""target_ids"": [""BNK0047""]}], ""root_cause"": {""actual_bank_amount"": ""428000.00"", ""chargeback_adjustment_total"": ""0.00"", ""chargeback_evidence_total"": ""0.00"", ""expected_settlement"": ""428000.00"", ""gateway_fee_total"": ""0.00"", ""gst_total"": ""0.00"", ""invoice_amount"": ""428000.00"", ""match_confidence"": 100.0, ""other_adjustment_total"": ""0.00"", ""payment_total"": ""428000.00"", ""refund_adjustment_total"": ""0.00"", ""refund_evidence_total"": ""0.00""}}"
INV047,C007,Orbit Systems Pvt Ltd,145000.00,PAY0048,SET0048,BNK0048,145000.00,145000.00,145000.00,0.00,RECONCILED,CLEAN,100.0,EXACT_ID,False,"Invoice, payment, settlement and bank credit reconcile without unexplained differences.",No action required.,"{""chain_issues"": [], ""match_trace"": [{""accepted"": true, ""confidence"": 100.0, ""evidence"": {""match_basis"": ""invoice_id"", ""match_count"": 1}, ""method"": ""EXACT_ID"", ""requires_review"": false, ""source_id"": ""INV047"", ""stage"": ""INVOICE_TO_PAYMENT"", ""target_ids"": [""PAY0048""]}, {""accepted"": true, ""confidence"": 100.0, ""evidence"": {""match_basis"": ""payment_id"", ""match_count"": 1}, ""method"": ""EXACT_ID"", ""requires_review"": false, ""source_id"": ""PAY0048"", ""stage"": ""PAYMENT_TO_SETTLEMENT"", ""target_ids"": [""SET0048""]}, {""accepted"": true, ""confidence"": 100.0, ""evidence"": {""match_basis"": ""settlement_id"", ""match_count"": 1}, ""method"": ""EXACT_ID"", ""requires_review"": false, ""source_id"": ""SET0048"", ""stage"": ""SETTLEMENT_TO_BANK"", ""target_ids"": [""BNK0048""]}], ""root_cause"": {""actual_bank_amount"": ""145000.00"", ""chargeback_adjustment_total"": ""0.00"", ""chargeback_evidence_total"": ""0.00"", ""expected_settlement"": ""145000.00"", ""gateway_fee_total"": ""0.00"", ""gst_total"": ""0.00"", ""invoice_amount"": ""145000.00"", ""match_confidence"": 100.0, ""other_adjustment_total"": ""0.00"", ""payment_total"": ""145000.00"", ""refund_adjustment_total"": ""0.00"", ""refund_evidence_total"": ""0.00""}}"
INV048,C008,Cedar Healthcare Pvt Ltd,89500.00,PAY0049,SET0049,BNK0049,89500.00,0.00,0.00,0.00,EXPLAINED_EXCEPTION,CHARGEBACK,100.0,EXACT_ID,False,The settlement reduction is explained by an accepted customer chargeback.,Record the dispute impact and exclude the charged-back amount from expected receivables.,"{""chain_issues"": [], ""match_trace"": [{""accepted"": true, ""confidence"": 100.0, ""evidence"": {""match_basis"": ""invoice_id"", ""match_count"": 1}, ""method"": ""EXACT_ID"", ""requires_review"": false, ""source_id"": ""INV048"", ""stage"": ""INVOICE_TO_PAYMENT"", ""target_ids"": [""PAY0049""]}, {""accepted"": true, ""confidence"": 100.0, ""evidence"": {""match_basis"": ""payment_id"", ""match_count"": 1}, ""method"": ""EXACT_ID"", ""requires_review"": false, ""source_id"": ""PAY0049"", ""stage"": ""PAYMENT_TO_SETTLEMENT"", ""target_ids"": [""SET0049""]}, {""accepted"": true, ""confidence"": 100.0, ""evidence"": {""match_basis"": ""settlement_id"", ""match_count"": 1}, ""method"": ""EXACT_ID"", ""requires_review"": false, ""source_id"": ""SET0049"", ""stage"": ""SETTLEMENT_TO_BANK"", ""target_ids"": [""BNK0049""]}], ""root_cause"": {""actual_bank_amount"": ""0.00"", ""chargeback_adjustment_total"": ""89500.00"", ""chargeback_evidence_total"": ""89500.00"", ""expected_settlement"": ""0.00"", ""gateway_fee_total"": ""0.00"", ""gst_total"": ""0.00"", ""invoice_amount"": ""89500.00"", ""match_confidence"": 100.0, ""other_adjustment_total"": ""0.00"", ""payment_total"": ""89500.00"", ""refund_adjustment_total"": ""0.00"", ""refund_evidence_total"": ""0.00""}}"
INV049,C009,Nimbus Learning Pvt Ltd,114000.00,PAY0050,SET0050,BNK0050,114000.00,114000.00,114000.00,0.00,RECONCILED,CLEAN,100.0,EXACT_ID,False,"Invoice, payment, settlement and bank credit reconcile without unexplained differences.",No action required.,"{""chain_issues"": [], ""match_trace"": [{""accepted"": true, ""confidence"": 100.0, ""evidence"": {""match_basis"": ""invoice_id"", ""match_count"": 1}, ""method"": ""EXACT_ID"", ""requires_review"": false, ""source_id"": ""INV049"", ""stage"": ""INVOICE_TO_PAYMENT"", ""target_ids"": [""PAY0050""]}, {""accepted"": true, ""confidence"": 100.0, ""evidence"": {""match_basis"": ""payment_id"", ""match_count"": 1}, ""method"": ""EXACT_ID"", ""requires_review"": false, ""source_id"": ""PAY0050"", ""stage"": ""PAYMENT_TO_SETTLEMENT"", ""target_ids"": [""SET0050""]}, {""accepted"": true, ""confidence"": 100.0, ""evidence"": {""match_basis"": ""settlement_id"", ""match_count"": 1}, ""method"": ""EXACT_ID"", ""requires_review"": false, ""source_id"": ""SET0050"", ""stage"": ""SETTLEMENT_TO_BANK"", ""target_ids"": [""BNK0050""]}], ""root_cause"": {""actual_bank_amount"": ""114000.00"", ""chargeback_adjustment_total"": ""0.00"", ""chargeback_evidence_total"": ""0.00"", ""expected_settlement"": ""114000.00"", ""gateway_fee_total"": ""0.00"", ""gst_total"": ""0.00"", ""invoice_amount"": ""114000.00"", ""match_confidence"": 100.0, ""other_adjustment_total"": ""0.00"", ""payment_total"": ""114000.00"", ""refund_adjustment_total"": ""0.00"", ""refund_evidence_total"": ""0.00""}}"
INV050,C010,UrbanNest Interiors LLP,260000.00,PAY0051,SET0051,BNK0051,260000.00,0.00,0.00,0.00,EXPLAINED_EXCEPTION,CHARGEBACK,100.0,EXACT_ID,False,The settlement reduction is explained by an accepted customer chargeback.,Record the dispute impact and exclude the charged-back amount from expected receivables.,"{""chain_issues"": [], ""match_trace"": [{""accepted"": true, ""confidence"": 100.0, ""evidence"": {""match_basis"": ""invoice_id"", ""match_count"": 1}, ""method"": ""EXACT_ID"", ""requires_review"": false, ""source_id"": ""INV050"", ""stage"": ""INVOICE_TO_PAYMENT"", ""target_ids"": [""PAY0051""]}, {""accepted"": true, ""confidence"": 100.0, ""evidence"": {""match_basis"": ""payment_id"", ""match_count"": 1}, ""method"": ""EXACT_ID"", ""requires_review"": false, ""source_id"": ""PAY0051"", ""stage"": ""PAYMENT_TO_SETTLEMENT"", ""target_ids"": [""SET0051""]}, {""accepted"": true, ""confidence"": 100.0, ""evidence"": {""match_basis"": ""settlement_id"", ""match_count"": 1}, ""method"": ""EXACT_ID"", ""requires_review"": false, ""source_id"": ""SET0051"", ""stage"": ""SETTLEMENT_TO_BANK"", ""target_ids"": [""BNK0051""]}], ""root_cause"": {""actual_bank_amount"": ""0.00"", ""chargeback_adjustment_total"": ""260000.00"", ""chargeback_evidence_total"": ""260000.00"", ""expected_settlement"": ""0.00"", ""gateway_fee_total"": ""0.00"", ""gst_total"": ""0.00"", ""invoice_amount"": ""260000.00"", ""match_confidence"": 100.0, ""other_adjustment_total"": ""0.00"", ""payment_total"": ""260000.00"", ""refund_adjustment_total"": ""0.00"", ""refund_evidence_total"": ""0.00""}}"
INV051,C011,Silverline Manufacturing Pvt Ltd,226500.00,PAY0052,SET0052,BNK0052,226500.00,226500.00,226500.00,0.00,RECONCILED,CLEAN,100.0,EXACT_ID,False,"Invoice, payment, settlement and bank credit reconcile without unexplained differences.",No action required.,"{""chain_issues"": [], ""match_trace"": [{""accepted"": true, ""confidence"": 100.0, ""evidence"": {""match_basis"": ""invoice_id"", ""match_count"": 1}, ""method"": ""EXACT_ID"", ""requires_review"": false, ""source_id"": ""INV051"", ""stage"": ""INVOICE_TO_PAYMENT"", ""target_ids"": [""PAY0052""]}, {""accepted"": true, ""confidence"": 100.0, ""evidence"": {""match_basis"": ""payment_id"", ""match_count"": 1}, ""method"": ""EXACT_ID"", ""requires_review"": false, ""source_id"": ""PAY0052"", ""stage"": ""PAYMENT_TO_SETTLEMENT"", ""target_ids"": [""SET0052""]}, {""accepted"": true, ""confidence"": 100.0, ""evidence"": {""match_basis"": ""settlement_id"", ""match_count"": 1}, ""method"": ""EXACT_ID"", ""requires_review"": false, ""source_id"": ""SET0052"", ""stage"": ""SETTLEMENT_TO_BANK"", ""target_ids"": [""BNK0052""]}], ""root_cause"": {""actual_bank_amount"": ""226500.00"", ""chargeback_adjustment_total"": ""0.00"", ""chargeback_evidence_total"": ""0.00"", ""expected_settlement"": ""226500.00"", ""gateway_fee_total"": ""0.00"", ""gst_total"": ""0.00"", ""invoice_amount"": ""226500.00"", ""match_confidence"": 100.0, ""other_adjustment_total"": ""0.00"", ""payment_total"": ""226500.00"", ""refund_adjustment_total"": ""0.00"", ""refund_evidence_total"": ""0.00""}}"
INV052,C012,Aster Mobility Pvt Ltd,180500.00,PAY0053,SET0053,BNK0053,180500.00,135375.00,135375.00,0.00,EXPLAINED_EXCEPTION,PARTIAL_REFUND,100.0,EXACT_ID,False,The settlement reduction is explained by a processed partial refund.,No reconciliation correction is required; retain the refund linkage for audit.,"{""chain_issues"": [], ""match_trace"": [{""accepted"": true, ""confidence"": 100.0, ""evidence"": {""match_basis"": ""invoice_id"", ""match_count"": 1}, ""method"": ""EXACT_ID"", ""requires_review"": false, ""source_id"": ""INV052"", ""stage"": ""INVOICE_TO_PAYMENT"", ""target_ids"": [""PAY0053""]}, {""accepted"": true, ""confidence"": 100.0, ""evidence"": {""match_basis"": ""payment_id"", ""match_count"": 1}, ""method"": ""EXACT_ID"", ""requires_review"": false, ""source_id"": ""PAY0053"", ""stage"": ""PAYMENT_TO_SETTLEMENT"", ""target_ids"": [""SET0053""]}, {""accepted"": true, ""confidence"": 100.0, ""evidence"": {""match_basis"": ""settlement_id"", ""match_count"": 1}, ""method"": ""EXACT_ID"", ""requires_review"": false, ""source_id"": ""SET0053"", ""stage"": ""SETTLEMENT_TO_BANK"", ""target_ids"": [""BNK0053""]}], ""root_cause"": {""actual_bank_amount"": ""135375.00"", ""chargeback_adjustment_total"": ""0.00"", ""chargeback_evidence_total"": ""0.00"", ""expected_settlement"": ""135375.00"", ""gateway_fee_total"": ""0.00"", ""gst_total"": ""0.00"", ""invoice_amount"": ""180500.00"", ""match_confidence"": 100.0, ""other_adjustment_total"": ""0.00"", ""payment_total"": ""180500.00"", ""refund_adjustment_total"": ""45125.00"", ""refund_evidence_total"": ""45125.00""}}"
INV053,C013,BrightGrid Energy Pvt Ltd,292000.00,PAY0054,SET0054,BNK0054,292000.00,233600.00,233600.00,0.00,EXPLAINED_EXCEPTION,PARTIAL_REFUND,100.0,EXACT_ID,False,The settlement reduction is explained by a processed partial refund.,No reconciliation correction is required; retain the refund linkage for audit.,"{""chain_issues"": [], ""match_trace"": [{""accepted"": true, ""confidence"": 100.0, ""evidence"": {""match_basis"": ""invoice_id"", ""match_count"": 1}, ""method"": ""EXACT_ID"", ""requires_review"": false, ""source_id"": ""INV053"", ""stage"": ""INVOICE_TO_PAYMENT"", ""target_ids"": [""PAY0054""]}, {""accepted"": true, ""confidence"": 100.0, ""evidence"": {""match_basis"": ""payment_id"", ""match_count"": 1}, ""method"": ""EXACT_ID"", ""requires_review"": false, ""source_id"": ""PAY0054"", ""stage"": ""PAYMENT_TO_SETTLEMENT"", ""target_ids"": [""SET0054""]}, {""accepted"": true, ""confidence"": 100.0, ""evidence"": {""match_basis"": ""settlement_id"", ""match_count"": 1}, ""method"": ""EXACT_ID"", ""requires_review"": false, ""source_id"": ""SET0054"", ""stage"": ""SETTLEMENT_TO_BANK"", ""target_ids"": [""BNK0054""]}], ""root_cause"": {""actual_bank_amount"": ""233600.00"", ""chargeback_adjustment_total"": ""0.00"", ""chargeback_evidence_total"": ""0.00"", ""expected_settlement"": ""233600.00"", ""gateway_fee_total"": ""0.00"", ""gst_total"": ""0.00"", ""invoice_amount"": ""292000.00"", ""match_confidence"": 100.0, ""other_adjustment_total"": ""0.00"", ""payment_total"": ""292000.00"", ""refund_adjustment_total"": ""58400.00"", ""refund_evidence_total"": ""58400.00""}}"
INV054,C014,PixelCraft Media LLP,493500.00,PAY0055,SET0055,,493500.00,493500.00,0.00,493500.00,UNRESOLVED,MISSING_BANK_ENTRY,100.0,EXACT_ID,True,"Settlement evidence exists, but one or more expected bank credits are missing.",Check settlement status and bank statements; escalate to the payment provider if the credit is overdue.,"{""chain_issues"": [""BANK_MATCH_REQUIRES_REVIEW:SET0055"", ""NO_CONFIRMED_BANK_TRANSACTION""], ""match_trace"": [{""accepted"": true, ""confidence"": 100.0, ""evidence"": {""match_basis"": ""invoice_id"", ""match_count"": 1}, ""method"": ""EXACT_ID"", ""requires_review"": false, ""source_id"": ""INV054"", ""stage"": ""INVOICE_TO_PAYMENT"", ""target_ids"": [""PAY0055""]}, {""accepted"": true, ""confidence"": 100.0, ""evidence"": {""match_basis"": ""payment_id"", ""match_count"": 1}, ""method"": ""EXACT_ID"", ""requires_review"": false, ""source_id"": ""PAY0055"", ""stage"": ""PAYMENT_TO_SETTLEMENT"", ""target_ids"": [""SET0055""]}, {""accepted"": false, ""confidence"": 0.0, ""evidence"": {""confidence_band"": ""REJECT"", ""reason"": ""No safe fuzzy candidate found.""}, ""method"": ""NONE"", ""requires_review"": true, ""source_id"": ""SET0055"", ""stage"": ""SETTLEMENT_TO_BANK"", ""target_ids"": []}], ""root_cause"": {""settlement_ids"": [""SET0055""]}}"
INV055,C015,PrimeLeaf Consumer Products Pvt Ltd,28000.00,PAY0056,SET0056,BNK0055,28000.00,27339.00,27339.00,0.00,RECONCILED,GATEWAY_FEE_GST,100.0,EXACT_ID,False,The lower bank credit is fully explained by recorded gateway fees and GST.,No reconciliation action required.,"{""chain_issues"": [], ""match_trace"": [{""accepted"": true, ""confidence"": 100.0, ""evidence"": {""match_basis"": ""invoice_id"", ""match_count"": 1}, ""method"": ""EXACT_ID"", ""requires_review"": false, ""source_id"": ""INV055"", ""stage"": ""INVOICE_TO_PAYMENT"", ""target_ids"": [""PAY0056""]}, {""accepted"": true, ""confidence"": 100.0, ""evidence"": {""match_basis"": ""payment_id"", ""match_count"": 1}, ""method"": ""EXACT_ID"", ""requires_review"": false, ""source_id"": ""PAY0056"", ""stage"": ""PAYMENT_TO_SETTLEMENT"", ""target_ids"": [""SET0056""]}, {""accepted"": true, ""confidence"": 100.0, ""evidence"": {""match_basis"": ""settlement_id"", ""match_count"": 1}, ""method"": ""EXACT_ID"", ""requires_review"": false, ""source_id"": ""SET0056"", ""stage"": ""SETTLEMENT_TO_BANK"", ""target_ids"": [""BNK0055""]}], ""root_cause"": {""actual_bank_amount"": ""27339.00"", ""chargeback_adjustment_total"": ""0.00"", ""chargeback_evidence_total"": ""0.00"", ""expected_settlement"": ""27339.00"", ""gateway_fee_total"": ""560.00"", ""gst_total"": ""101.00"", ""invoice_amount"": ""28000.00"", ""match_confidence"": 100.0, ""other_adjustment_total"": ""0.00"", ""payment_total"": ""28000.00"", ""refund_adjustment_total"": ""0.00"", ""refund_evidence_total"": ""0.00""}}"
INV056,C016,CloudArc Solutions Pvt Ltd,75000.00,PAY0057,SET0057,BNK0056,75000.00,75000.00,75000.00,0.00,RECONCILED,CLEAN,100.0,EXACT_ID,False,"Invoice, payment, settlement and bank credit reconcile without unexplained differences.",No action required.,"{""chain_issues"": [], ""match_trace"": [{""accepted"": true, ""confidence"": 100.0, ""evidence"": {""match_basis"": ""invoice_id"", ""match_count"": 1}, ""method"": ""EXACT_ID"", ""requires_review"": false, ""source_id"": ""INV056"", ""stage"": ""INVOICE_TO_PAYMENT"", ""target_ids"": [""PAY0057""]}, {""accepted"": true, ""confidence"": 100.0, ""evidence"": {""match_basis"": ""payment_id"", ""match_count"": 1}, ""method"": ""EXACT_ID"", ""requires_review"": false, ""source_id"": ""PAY0057"", ""stage"": ""PAYMENT_TO_SETTLEMENT"", ""target_ids"": [""SET0057""]}, {""accepted"": true, ""confidence"": 100.0, ""evidence"": {""match_basis"": ""settlement_id"", ""match_count"": 1}, ""method"": ""EXACT_ID"", ""requires_review"": false, ""source_id"": ""SET0057"", ""stage"": ""SETTLEMENT_TO_BANK"", ""target_ids"": [""BNK0056""]}], ""root_cause"": {""actual_bank_amount"": ""75000.00"", ""chargeback_adjustment_total"": ""0.00"", ""chargeback_evidence_total"": ""0.00"", ""expected_settlement"": ""75000.00"", ""gateway_fee_total"": ""0.00"", ""gst_total"": ""0.00"", ""invoice_amount"": ""75000.00"", ""match_confidence"": 100.0, ""other_adjustment_total"": ""0.00"", ""payment_total"": ""75000.00"", ""refund_adjustment_total"": ""0.00"", ""refund_evidence_total"": ""0.00""}}"
INV057,C017,MetroMart Retail LLP,470000.00,,,,0.00,0.00,0.00,0.00,UNRESOLVED,MISSING_PAYMENT,95.0,NONE,True,No confirmed payment could be found for the invoice.,Verify the receivable with the customer and inspect payment-provider records.,"{""chain_issues"": [""PAYMENT_MATCH_REQUIRES_REVIEW"", ""NO_CONFIRMED_PAYMENT""], ""match_trace"": [{""accepted"": false, ""confidence"": 0.0, ""evidence"": {""confidence_band"": ""REJECT"", ""reason"": ""No safe fuzzy candidate found.""}, ""method"": ""NONE"", ""requires_review"": true, ""source_id"": ""INV057"", ""stage"": ""INVOICE_TO_PAYMENT"", ""target_ids"": []}], ""root_cause"": {""invoice_amount"": ""470000.00"", ""invoice_id"": ""INV057""}}"
INV058,C018,NorthStar Components Pvt Ltd,117500.00,PAY0058,SET0058,BNK0057,117500.00,117500.00,109500.00,8000.00,UNRESOLVED,UNEXPLAINED,100.0,EXACT_ID,True,"₹8,000.00 cannot be explained by verified fees, refunds, chargebacks or known adjustments.",Escalate the settlement for manual investigation.,"{""chain_issues"": [], ""match_trace"": [{""accepted"": true, ""confidence"": 100.0, ""evidence"": {""match_basis"": ""invoice_id"", ""match_count"": 1}, ""method"": ""EXACT_ID"", ""requires_review"": false, ""source_id"": ""INV058"", ""stage"": ""INVOICE_TO_PAYMENT"", ""target_ids"": [""PAY0058""]}, {""accepted"": true, ""confidence"": 100.0, ""evidence"": {""match_basis"": ""payment_id"", ""match_count"": 1}, ""method"": ""EXACT_ID"", ""requires_review"": false, ""source_id"": ""PAY0058"", ""stage"": ""PAYMENT_TO_SETTLEMENT"", ""target_ids"": [""SET0058""]}, {""accepted"": true, ""confidence"": 100.0, ""evidence"": {""match_basis"": ""settlement_id"", ""match_count"": 1}, ""method"": ""EXACT_ID"", ""requires_review"": false, ""source_id"": ""SET0058"", ""stage"": ""SETTLEMENT_TO_BANK"", ""target_ids"": [""BNK0057""]}], ""root_cause"": {""actual_bank_amount"": ""109500.00"", ""chargeback_adjustment_total"": ""0.00"", ""chargeback_evidence_total"": ""0.00"", ""expected_settlement"": ""117500.00"", ""gateway_fee_total"": ""0.00"", ""gst_total"": ""0.00"", ""invoice_amount"": ""117500.00"", ""match_confidence"": 100.0, ""other_adjustment_total"": ""0.00"", ""payment_total"": ""117500.00"", ""refund_adjustment_total"": ""0.00"", ""refund_evidence_total"": ""0.00"", ""unexplained_difference"": ""8000.00""}}"
INV059,C019,SwiftRoute Services Pvt Ltd,462500.00,PAY0059,SET0059,BNK0058,462500.00,451585.00,451585.00,0.00,RECONCILED,GATEWAY_FEE_GST,100.0,EXACT_ID,False,The lower bank credit is fully explained by recorded gateway fees and GST.,No reconciliation action required.,"{""chain_issues"": [], ""match_trace"": [{""accepted"": true, ""confidence"": 100.0, ""evidence"": {""match_basis"": ""invoice_id"", ""match_count"": 1}, ""method"": ""EXACT_ID"", ""requires_review"": false, ""source_id"": ""INV059"", ""stage"": ""INVOICE_TO_PAYMENT"", ""target_ids"": [""PAY0059""]}, {""accepted"": true, ""confidence"": 100.0, ""evidence"": {""match_basis"": ""payment_id"", ""match_count"": 1}, ""method"": ""EXACT_ID"", ""requires_review"": false, ""source_id"": ""PAY0059"", ""stage"": ""PAYMENT_TO_SETTLEMENT"", ""target_ids"": [""SET0059""]}, {""accepted"": true, ""confidence"": 100.0, ""evidence"": {""match_basis"": ""settlement_id"", ""match_count"": 1}, ""method"": ""EXACT_ID"", ""requires_review"": false, ""source_id"": ""SET0059"", ""stage"": ""SETTLEMENT_TO_BANK"", ""target_ids"": [""BNK0058""]}], ""root_cause"": {""actual_bank_amount"": ""451585.00"", ""chargeback_adjustment_total"": ""0.00"", ""chargeback_evidence_total"": ""0.00"", ""expected_settlement"": ""451585.00"", ""gateway_fee_total"": ""9250.00"", ""gst_total"": ""1665.00"", ""invoice_amount"": ""462500.00"", ""match_confidence"": 100.0, ""other_adjustment_total"": ""0.00"", ""payment_total"": ""462500.00"", ""refund_adjustment_total"": ""0.00"", ""refund_evidence_total"": ""0.00""}}"
INV060,C020,Zenith Business Solutions LLP,452500.00,PAY0060,SET0060,BNK0059,452500.00,452500.00,452500.00,0.00,RECONCILED,CLEAN,100.0,EXACT_ID,False,"Invoice, payment, settlement and bank credit reconcile without unexplained differences.",No action required.,"{""chain_issues"": [], ""match_trace"": [{""accepted"": true, ""confidence"": 100.0, ""evidence"": {""match_basis"": ""invoice_id"", ""match_count"": 1}, ""method"": ""EXACT_ID"", ""requires_review"": false, ""source_id"": ""INV060"", ""stage"": ""INVOICE_TO_PAYMENT"", ""target_ids"": [""PAY0060""]}, {""accepted"": true, ""confidence"": 100.0, ""evidence"": {""match_basis"": ""payment_id"", ""match_count"": 1}, ""method"": ""EXACT_ID"", ""requires_review"": false, ""source_id"": ""PAY0060"", ""stage"": ""PAYMENT_TO_SETTLEMENT"", ""target_ids"": [""SET0060""]}, {""accepted"": true, ""confidence"": 100.0, ""evidence"": {""match_basis"": ""settlement_id"", ""match_count"": 1}, ""method"": ""EXACT_ID"", ""requires_review"": false, ""source_id"": ""SET0060"", ""stage"": ""SETTLEMENT_TO_BANK"", ""target_ids"": [""BNK0059""]}], ""root_cause"": {""actual_bank_amount"": ""452500.00"", ""chargeback_adjustment_total"": ""0.00"", ""chargeback_evidence_total"": ""0.00"", ""expected_settlement"": ""452500.00"", ""gateway_fee_total"": ""0.00"", ""gst_total"": ""0.00"", ""invoice_amount"": ""452500.00"", ""match_confidence"": 100.0, ""other_adjustment_total"": ""0.00"", ""payment_total"": ""452500.00"", ""refund_adjustment_total"": ""0.00"", ""refund_evidence_total"": ""0.00""}}"
INV061,C001,Alpha Retail Pvt Ltd,22500.00,,,,0.00,0.00,0.00,0.00,UNRESOLVED,MISSING_PAYMENT,95.0,NONE,True,No confirmed payment could be found for the invoice.,Verify the receivable with the customer and inspect payment-provider records.,"{""chain_issues"": [""PAYMENT_MATCH_REQUIRES_REVIEW"", ""NO_CONFIRMED_PAYMENT""], ""match_trace"": [{""accepted"": false, ""confidence"": 0.0, ""evidence"": {""confidence_band"": ""REJECT"", ""reason"": ""No safe fuzzy candidate found.""}, ""method"": ""NONE"", ""requires_review"": true, ""source_id"": ""INV061"", ""stage"": ""INVOICE_TO_PAYMENT"", ""target_ids"": []}], ""root_cause"": {""invoice_amount"": ""22500.00"", ""invoice_id"": ""INV061""}}"
INV062,C002,Nova Technologies Pvt Ltd,387000.00,PAY0061,SET0061,BNK0060,387000.00,387000.00,387000.00,0.00,EXPLAINED_EXCEPTION,SETTLEMENT_DELAY,100.0,EXACT_ID,False,"The settlement amount reconciles, but the corresponding bank credit arrived later than the expected settlement window.",Track this delay in cash-position forecasting and monitor provider settlement performance.,"{""chain_issues"": [], ""match_trace"": [{""accepted"": true, ""confidence"": 100.0, ""evidence"": {""match_basis"": ""invoice_id"", ""match_count"": 1}, ""method"": ""EXACT_ID"", ""requires_review"": false, ""source_id"": ""INV062"", ""stage"": ""INVOICE_TO_PAYMENT"", ""target_ids"": [""PAY0061""]}, {""accepted"": true, ""confidence"": 100.0, ""evidence"": {""match_basis"": ""payment_id"", ""match_count"": 1}, ""method"": ""EXACT_ID"", ""requires_review"": false, ""source_id"": ""PAY0061"", ""stage"": ""PAYMENT_TO_SETTLEMENT"", ""target_ids"": [""SET0061""]}, {""accepted"": true, ""confidence"": 100.0, ""evidence"": {""match_basis"": ""settlement_id"", ""match_count"": 1}, ""method"": ""EXACT_ID"", ""requires_review"": false, ""source_id"": ""SET0061"", ""stage"": ""SETTLEMENT_TO_BANK"", ""target_ids"": [""BNK0060""]}], ""root_cause"": {""actual_bank_amount"": ""387000.00"", ""chargeback_adjustment_total"": ""0.00"", ""chargeback_evidence_total"": ""0.00"", ""expected_settlement"": ""387000.00"", ""gateway_fee_total"": ""0.00"", ""gst_total"": ""0.00"", ""invoice_amount"": ""387000.00"", ""match_confidence"": 100.0, ""other_adjustment_total"": ""0.00"", ""payment_total"": ""387000.00"", ""refund_adjustment_total"": ""0.00"", ""refund_evidence_total"": ""0.00"", ""settlement_delay_days"": [5]}}"
INV063,C003,Horizon Foods LLP,91500.00,PAY0062,SET0062,BNK0061,91500.00,91500.00,79500.00,12000.00,UNRESOLVED,UNEXPLAINED,100.0,EXACT_ID,True,"₹12,000.00 cannot be explained by verified fees, refunds, chargebacks or known adjustments.",Escalate the settlement for manual investigation.,"{""chain_issues"": [], ""match_trace"": [{""accepted"": true, ""confidence"": 100.0, ""evidence"": {""match_basis"": ""invoice_id"", ""match_count"": 1}, ""method"": ""EXACT_ID"", ""requires_review"": false, ""source_id"": ""INV063"", ""stage"": ""INVOICE_TO_PAYMENT"", ""target_ids"": [""PAY0062""]}, {""accepted"": true, ""confidence"": 100.0, ""evidence"": {""match_basis"": ""payment_id"", ""match_count"": 1}, ""method"": ""EXACT_ID"", ""requires_review"": false, ""source_id"": ""PAY0062"", ""stage"": ""PAYMENT_TO_SETTLEMENT"", ""target_ids"": [""SET0062""]}, {""accepted"": true, ""confidence"": 100.0, ""evidence"": {""match_basis"": ""settlement_id"", ""match_count"": 1}, ""method"": ""EXACT_ID"", ""requires_review"": false, ""source_id"": ""SET0062"", ""stage"": ""SETTLEMENT_TO_BANK"", ""target_ids"": [""BNK0061""]}], ""root_cause"": {""actual_bank_amount"": ""79500.00"", ""chargeback_adjustment_total"": ""0.00"", ""chargeback_evidence_total"": ""0.00"", ""expected_settlement"": ""91500.00"", ""gateway_fee_total"": ""0.00"", ""gst_total"": ""0.00"", ""invoice_amount"": ""91500.00"", ""match_confidence"": 100.0, ""other_adjustment_total"": ""0.00"", ""payment_total"": ""91500.00"", ""refund_adjustment_total"": ""0.00"", ""refund_evidence_total"": ""0.00"", ""unexplained_difference"": ""12000.00""}}"
INV064,C004,BluePeak Logistics Pvt Ltd,449500.00,PAY0063,SET0063,BNK0062,449500.00,449500.00,449500.00,0.00,RECONCILED,CLEAN,100.0,EXACT_ID,False,"Invoice, payment, settlement and bank credit reconcile without unexplained differences.",No action required.,"{""chain_issues"": [], ""match_trace"": [{""accepted"": true, ""confidence"": 100.0, ""evidence"": {""match_basis"": ""invoice_id"", ""match_count"": 1}, ""method"": ""EXACT_ID"", ""requires_review"": false, ""source_id"": ""INV064"", ""stage"": ""INVOICE_TO_PAYMENT"", ""target_ids"": [""PAY0063""]}, {""accepted"": true, ""confidence"": 100.0, ""evidence"": {""match_basis"": ""payment_id"", ""match_count"": 1}, ""method"": ""EXACT_ID"", ""requires_review"": false, ""source_id"": ""PAY0063"", ""stage"": ""PAYMENT_TO_SETTLEMENT"", ""target_ids"": [""SET0063""]}, {""accepted"": true, ""confidence"": 100.0, ""evidence"": {""match_basis"": ""settlement_id"", ""match_count"": 1}, ""method"": ""EXACT_ID"", ""requires_review"": false, ""source_id"": ""SET0063"", ""stage"": ""SETTLEMENT_TO_BANK"", ""target_ids"": [""BNK0062""]}], ""root_cause"": {""actual_bank_amount"": ""449500.00"", ""chargeback_adjustment_total"": ""0.00"", ""chargeback_evidence_total"": ""0.00"", ""expected_settlement"": ""449500.00"", ""gateway_fee_total"": ""0.00"", ""gst_total"": ""0.00"", ""invoice_amount"": ""449500.00"", ""match_confidence"": 100.0, ""other_adjustment_total"": ""0.00"", ""payment_total"": ""449500.00"", ""refund_adjustment_total"": ""0.00"", ""refund_evidence_total"": ""0.00""}}"
INV065,C005,Vertex Consulting LLP,189000.00,PAY0064,SET0064,BNK0063,189000.00,189000.00,189000.00,0.00,RECONCILED,CLEAN,100.0,EXACT_ID,False,"Invoice, payment, settlement and bank credit reconcile without unexplained differences.",No action required.,"{""chain_issues"": [], ""match_trace"": [{""accepted"": true, ""confidence"": 100.0, ""evidence"": {""match_basis"": ""invoice_id"", ""match_count"": 1}, ""method"": ""EXACT_ID"", ""requires_review"": false, ""source_id"": ""INV065"", ""stage"": ""INVOICE_TO_PAYMENT"", ""target_ids"": [""PAY0064""]}, {""accepted"": true, ""confidence"": 100.0, ""evidence"": {""match_basis"": ""payment_id"", ""match_count"": 1}, ""method"": ""EXACT_ID"", ""requires_review"": false, ""source_id"": ""PAY0064"", ""stage"": ""PAYMENT_TO_SETTLEMENT"", ""target_ids"": [""SET0064""]}, {""accepted"": true, ""confidence"": 100.0, ""evidence"": {""match_basis"": ""settlement_id"", ""match_count"": 1}, ""method"": ""EXACT_ID"", ""requires_review"": false, ""source_id"": ""SET0064"", ""stage"": ""SETTLEMENT_TO_BANK"", ""target_ids"": [""BNK0063""]}], ""root_cause"": {""actual_bank_amount"": ""189000.00"", ""chargeback_adjustment_total"": ""0.00"", ""chargeback_evidence_total"": ""0.00"", ""expected_settlement"": ""189000.00"", ""gateway_fee_total"": ""0.00"", ""gst_total"": ""0.00"", ""invoice_amount"": ""189000.00"", ""match_confidence"": 100.0, ""other_adjustment_total"": ""0.00"", ""payment_total"": ""189000.00"", ""refund_adjustment_total"": ""0.00"", ""refund_evidence_total"": ""0.00""}}"
INV066,C006,GreenCart Commerce Pvt Ltd,22000.00,PAY0065,SET0065,BNK0064,22000.00,22000.00,22000.00,0.00,RECONCILED,CLEAN,100.0,EXACT_ID,False,"Invoice, payment, settlement and bank credit reconcile without unexplained differences.",No action required.,"{""chain_issues"": [], ""match_trace"": [{""accepted"": true, ""confidence"": 100.0, ""evidence"": {""match_basis"": ""invoice_id"", ""match_count"": 1}, ""method"": ""EXACT_ID"", ""requires_review"": false, ""source_id"": ""INV066"", ""stage"": ""INVOICE_TO_PAYMENT"", ""target_ids"": [""PAY0065""]}, {""accepted"": true, ""confidence"": 100.0, ""evidence"": {""match_basis"": ""payment_id"", ""match_count"": 1}, ""method"": ""EXACT_ID"", ""requires_review"": false, ""source_id"": ""PAY0065"", ""stage"": ""PAYMENT_TO_SETTLEMENT"", ""target_ids"": [""SET0065""]}, {""accepted"": true, ""confidence"": 100.0, ""evidence"": {""match_basis"": ""settlement_id"", ""match_count"": 1}, ""method"": ""EXACT_ID"", ""requires_review"": false, ""source_id"": ""SET0065"", ""stage"": ""SETTLEMENT_TO_BANK"", ""target_ids"": [""BNK0064""]}], ""root_cause"": {""actual_bank_amount"": ""22000.00"", ""chargeback_adjustment_total"": ""0.00"", ""chargeback_evidence_total"": ""0.00"", ""expected_settlement"": ""22000.00"", ""gateway_fee_total"": ""0.00"", ""gst_total"": ""0.00"", ""invoice_amount"": ""22000.00"", ""match_confidence"": 100.0, ""other_adjustment_total"": ""0.00"", ""payment_total"": ""22000.00"", ""refund_adjustment_total"": ""0.00"", ""refund_evidence_total"": ""0.00""}}"
INV067,C007,Orbit Systems Pvt Ltd,152500.00,PAY0066,SET0066,BNK0065,152500.00,152500.00,152500.00,0.00,RECONCILED,CLEAN,100.0,EXACT_ID,False,"Invoice, payment, settlement and bank credit reconcile without unexplained differences.",No action required.,"{""chain_issues"": [], ""match_trace"": [{""accepted"": true, ""confidence"": 100.0, ""evidence"": {""match_basis"": ""invoice_id"", ""match_count"": 1}, ""method"": ""EXACT_ID"", ""requires_review"": false, ""source_id"": ""INV067"", ""stage"": ""INVOICE_TO_PAYMENT"", ""target_ids"": [""PAY0066""]}, {""accepted"": true, ""confidence"": 100.0, ""evidence"": {""match_basis"": ""payment_id"", ""match_count"": 1}, ""method"": ""EXACT_ID"", ""requires_review"": false, ""source_id"": ""PAY0066"", ""stage"": ""PAYMENT_TO_SETTLEMENT"", ""target_ids"": [""SET0066""]}, {""accepted"": true, ""confidence"": 100.0, ""evidence"": {""match_basis"": ""settlement_id"", ""match_count"": 1}, ""method"": ""EXACT_ID"", ""requires_review"": false, ""source_id"": ""SET0066"", ""stage"": ""SETTLEMENT_TO_BANK"", ""target_ids"": [""BNK0065""]}], ""root_cause"": {""actual_bank_amount"": ""152500.00"", ""chargeback_adjustment_total"": ""0.00"", ""chargeback_evidence_total"": ""0.00"", ""expected_settlement"": ""152500.00"", ""gateway_fee_total"": ""0.00"", ""gst_total"": ""0.00"", ""invoice_amount"": ""152500.00"", ""match_confidence"": 100.0, ""other_adjustment_total"": ""0.00"", ""payment_total"": ""152500.00"", ""refund_adjustment_total"": ""0.00"", ""refund_evidence_total"": ""0.00""}}"
INV068,C008,Cedar Healthcare Pvt Ltd,338000.00,PAY0067,SET0067,BNK0066,338000.00,338000.00,338000.00,0.00,RECONCILED,CLEAN,100.0,EXACT_ID,False,"Invoice, payment, settlement and bank credit reconcile without unexplained differences.",No action required.,"{""chain_issues"": [], ""match_trace"": [{""accepted"": true, ""confidence"": 100.0, ""evidence"": {""match_basis"": ""invoice_id"", ""match_count"": 1}, ""method"": ""EXACT_ID"", ""requires_review"": false, ""source_id"": ""INV068"", ""stage"": ""INVOICE_TO_PAYMENT"", ""target_ids"": [""PAY0067""]}, {""accepted"": true, ""confidence"": 100.0, ""evidence"": {""match_basis"": ""payment_id"", ""match_count"": 1}, ""method"": ""EXACT_ID"", ""requires_review"": false, ""source_id"": ""PAY0067"", ""stage"": ""PAYMENT_TO_SETTLEMENT"", ""target_ids"": [""SET0067""]}, {""accepted"": true, ""confidence"": 100.0, ""evidence"": {""match_basis"": ""settlement_id"", ""match_count"": 1}, ""method"": ""EXACT_ID"", ""requires_review"": false, ""source_id"": ""SET0067"", ""stage"": ""SETTLEMENT_TO_BANK"", ""target_ids"": [""BNK0066""]}], ""root_cause"": {""actual_bank_amount"": ""338000.00"", ""chargeback_adjustment_total"": ""0.00"", ""chargeback_evidence_total"": ""0.00"", ""expected_settlement"": ""338000.00"", ""gateway_fee_total"": ""0.00"", ""gst_total"": ""0.00"", ""invoice_amount"": ""338000.00"", ""match_confidence"": 100.0, ""other_adjustment_total"": ""0.00"", ""payment_total"": ""338000.00"", ""refund_adjustment_total"": ""0.00"", ""refund_evidence_total"": ""0.00""}}"
INV069,C009,Nimbus Learning Pvt Ltd,69000.00,PAY0068,SET0068,BNK0067,69000.00,69000.00,64000.00,5000.00,UNRESOLVED,UNEXPLAINED,100.0,EXACT_ID,True,"₹5,000.00 cannot be explained by verified fees, refunds, chargebacks or known adjustments.",Escalate the settlement for manual investigation.,"{""chain_issues"": [], ""match_trace"": [{""accepted"": true, ""confidence"": 100.0, ""evidence"": {""match_basis"": ""invoice_id"", ""match_count"": 1}, ""method"": ""EXACT_ID"", ""requires_review"": false, ""source_id"": ""INV069"", ""stage"": ""INVOICE_TO_PAYMENT"", ""target_ids"": [""PAY0068""]}, {""accepted"": true, ""confidence"": 100.0, ""evidence"": {""match_basis"": ""payment_id"", ""match_count"": 1}, ""method"": ""EXACT_ID"", ""requires_review"": false, ""source_id"": ""PAY0068"", ""stage"": ""PAYMENT_TO_SETTLEMENT"", ""target_ids"": [""SET0068""]}, {""accepted"": true, ""confidence"": 100.0, ""evidence"": {""match_basis"": ""settlement_id"", ""match_count"": 1}, ""method"": ""EXACT_ID"", ""requires_review"": false, ""source_id"": ""SET0068"", ""stage"": ""SETTLEMENT_TO_BANK"", ""target_ids"": [""BNK0067""]}], ""root_cause"": {""actual_bank_amount"": ""64000.00"", ""chargeback_adjustment_total"": ""0.00"", ""chargeback_evidence_total"": ""0.00"", ""expected_settlement"": ""69000.00"", ""gateway_fee_total"": ""0.00"", ""gst_total"": ""0.00"", ""invoice_amount"": ""69000.00"", ""match_confidence"": 100.0, ""other_adjustment_total"": ""0.00"", ""payment_total"": ""69000.00"", ""refund_adjustment_total"": ""0.00"", ""refund_evidence_total"": ""0.00"", ""unexplained_difference"": ""5000.00""}}"
INV070,C010,UrbanNest Interiors LLP,145500.00,PAY0069,SET0069,BNK0068,145500.00,0.00,0.00,0.00,EXPLAINED_EXCEPTION,FULL_REFUND,100.0,EXACT_ID,False,The settlement reduction is fully explained by a processed full refund.,No reconciliation correction is required; retain the refund linkage for audit.,"{""chain_issues"": [], ""match_trace"": [{""accepted"": true, ""confidence"": 100.0, ""evidence"": {""match_basis"": ""invoice_id"", ""match_count"": 1}, ""method"": ""EXACT_ID"", ""requires_review"": false, ""source_id"": ""INV070"", ""stage"": ""INVOICE_TO_PAYMENT"", ""target_ids"": [""PAY0069""]}, {""accepted"": true, ""confidence"": 100.0, ""evidence"": {""match_basis"": ""payment_id"", ""match_count"": 1}, ""method"": ""EXACT_ID"", ""requires_review"": false, ""source_id"": ""PAY0069"", ""stage"": ""PAYMENT_TO_SETTLEMENT"", ""target_ids"": [""SET0069""]}, {""accepted"": true, ""confidence"": 100.0, ""evidence"": {""match_basis"": ""settlement_id"", ""match_count"": 1}, ""method"": ""EXACT_ID"", ""requires_review"": false, ""source_id"": ""SET0069"", ""stage"": ""SETTLEMENT_TO_BANK"", ""target_ids"": [""BNK0068""]}], ""root_cause"": {""actual_bank_amount"": ""0.00"", ""chargeback_adjustment_total"": ""0.00"", ""chargeback_evidence_total"": ""0.00"", ""expected_settlement"": ""0.00"", ""gateway_fee_total"": ""0.00"", ""gst_total"": ""0.00"", ""invoice_amount"": ""145500.00"", ""match_confidence"": 100.0, ""other_adjustment_total"": ""0.00"", ""payment_total"": ""145500.00"", ""refund_adjustment_total"": ""145500.00"", ""refund_evidence_total"": ""145500.00""}}"
INV071,C011,Silverline Manufacturing Pvt Ltd,383000.00,PAY0070,SET0070,BNK0069,383000.00,383000.00,383000.00,0.00,RECONCILED,CLEAN,100.0,EXACT_ID,False,"Invoice, payment, settlement and bank credit reconcile without unexplained differences.",No action required.,"{""chain_issues"": [], ""match_trace"": [{""accepted"": true, ""confidence"": 100.0, ""evidence"": {""match_basis"": ""invoice_id"", ""match_count"": 1}, ""method"": ""EXACT_ID"", ""requires_review"": false, ""source_id"": ""INV071"", ""stage"": ""INVOICE_TO_PAYMENT"", ""target_ids"": [""PAY0070""]}, {""accepted"": true, ""confidence"": 100.0, ""evidence"": {""match_basis"": ""payment_id"", ""match_count"": 1}, ""method"": ""EXACT_ID"", ""requires_review"": false, ""source_id"": ""PAY0070"", ""stage"": ""PAYMENT_TO_SETTLEMENT"", ""target_ids"": [""SET0070""]}, {""accepted"": true, ""confidence"": 100.0, ""evidence"": {""match_basis"": ""settlement_id"", ""match_count"": 1}, ""method"": ""EXACT_ID"", ""requires_review"": false, ""source_id"": ""SET0070"", ""stage"": ""SETTLEMENT_TO_BANK"", ""target_ids"": [""BNK0069""]}], ""root_cause"": {""actual_bank_amount"": ""383000.00"", ""chargeback_adjustment_total"": ""0.00"", ""chargeback_evidence_total"": ""0.00"", ""expected_settlement"": ""383000.00"", ""gateway_fee_total"": ""0.00"", ""gst_total"": ""0.00"", ""invoice_amount"": ""383000.00"", ""match_confidence"": 100.0, ""other_adjustment_total"": ""0.00"", ""payment_total"": ""383000.00"", ""refund_adjustment_total"": ""0.00"", ""refund_evidence_total"": ""0.00""}}"
INV072,C012,Aster Mobility Pvt Ltd,271500.00,,,,0.00,0.00,0.00,0.00,UNRESOLVED,MISSING_PAYMENT,95.0,NONE,True,No confirmed payment could be found for the invoice.,Verify the receivable with the customer and inspect payment-provider records.,"{""chain_issues"": [""PAYMENT_MATCH_REQUIRES_REVIEW"", ""NO_CONFIRMED_PAYMENT""], ""match_trace"": [{""accepted"": false, ""confidence"": 0.0, ""evidence"": {""confidence_band"": ""REJECT"", ""reason"": ""No safe fuzzy candidate found.""}, ""method"": ""NONE"", ""requires_review"": true, ""source_id"": ""INV072"", ""stage"": ""INVOICE_TO_PAYMENT"", ""target_ids"": []}], ""root_cause"": {""invoice_amount"": ""271500.00"", ""invoice_id"": ""INV072""}}"
INV073,C013,BrightGrid Energy Pvt Ltd,207000.00,PAY0071,SET0071,BNK0070,202000.00,202000.00,202000.00,0.00,UNRESOLVED,AMOUNT_MISMATCH,100.0,EXACT_ID,True,The amount collected does not agree with the invoice terms.,Review the payment amount and invoice terms before reconciliation.,"{""chain_issues"": [], ""match_trace"": [{""accepted"": true, ""confidence"": 100.0, ""evidence"": {""match_basis"": ""invoice_id"", ""match_count"": 1}, ""method"": ""EXACT_ID"", ""requires_review"": false, ""source_id"": ""INV073"", ""stage"": ""INVOICE_TO_PAYMENT"", ""target_ids"": [""PAY0071""]}, {""accepted"": true, ""confidence"": 100.0, ""evidence"": {""match_basis"": ""payment_id"", ""match_count"": 1}, ""method"": ""EXACT_ID"", ""requires_review"": false, ""source_id"": ""PAY0071"", ""stage"": ""PAYMENT_TO_SETTLEMENT"", ""target_ids"": [""SET0071""]}, {""accepted"": true, ""confidence"": 100.0, ""evidence"": {""match_basis"": ""settlement_id"", ""match_count"": 1}, ""method"": ""EXACT_ID"", ""requires_review"": false, ""source_id"": ""SET0071"", ""stage"": ""SETTLEMENT_TO_BANK"", ""target_ids"": [""BNK0070""]}], ""root_cause"": {""actual_bank_amount"": ""202000.00"", ""chargeback_adjustment_total"": ""0.00"", ""chargeback_evidence_total"": ""0.00"", ""expected_settlement"": ""202000.00"", ""gateway_fee_total"": ""0.00"", ""gst_total"": ""0.00"", ""invoice_amount"": ""207000.00"", ""invoice_payment_difference"": ""5000.00"", ""match_confidence"": 100.0, ""other_adjustment_total"": ""0.00"", ""payment_total"": ""202000.00"", ""refund_adjustment_total"": ""0.00"", ""refund_evidence_total"": ""0.00""}}"
INV074,C014,PixelCraft Media LLP,276000.00,PAY0072,SET0072,BNK0071,276000.00,269486.00,269486.00,0.00,RECONCILED,GATEWAY_FEE_GST,100.0,EXACT_ID,False,The lower bank credit is fully explained by recorded gateway fees and GST.,No reconciliation action required.,"{""chain_issues"": [], ""match_trace"": [{""accepted"": true, ""confidence"": 100.0, ""evidence"": {""match_basis"": ""invoice_id"", ""match_count"": 1}, ""method"": ""EXACT_ID"", ""requires_review"": false, ""source_id"": ""INV074"", ""stage"": ""INVOICE_TO_PAYMENT"", ""target_ids"": [""PAY0072""]}, {""accepted"": true, ""confidence"": 100.0, ""evidence"": {""match_basis"": ""payment_id"", ""match_count"": 1}, ""method"": ""EXACT_ID"", ""requires_review"": false, ""source_id"": ""PAY0072"", ""stage"": ""PAYMENT_TO_SETTLEMENT"", ""target_ids"": [""SET0072""]}, {""accepted"": true, ""confidence"": 100.0, ""evidence"": {""match_basis"": ""settlement_id"", ""match_count"": 1}, ""method"": ""EXACT_ID"", ""requires_review"": false, ""source_id"": ""SET0072"", ""stage"": ""SETTLEMENT_TO_BANK"", ""target_ids"": [""BNK0071""]}], ""root_cause"": {""actual_bank_amount"": ""269486.00"", ""chargeback_adjustment_total"": ""0.00"", ""chargeback_evidence_total"": ""0.00"", ""expected_settlement"": ""269486.00"", ""gateway_fee_total"": ""5520.00"", ""gst_total"": ""994.00"", ""invoice_amount"": ""276000.00"", ""match_confidence"": 100.0, ""other_adjustment_total"": ""0.00"", ""payment_total"": ""276000.00"", ""refund_adjustment_total"": ""0.00"", ""refund_evidence_total"": ""0.00""}}"
INV075,C015,PrimeLeaf Consumer Products Pvt Ltd,230500.00,PAY0073,SET0073,,230500.00,230500.00,0.00,230500.00,UNRESOLVED,MISSING_BANK_ENTRY,100.0,EXACT_ID,True,"Settlement evidence exists, but one or more expected bank credits are missing.",Check settlement status and bank statements; escalate to the payment provider if the credit is overdue.,"{""chain_issues"": [""BANK_MATCH_REQUIRES_REVIEW:SET0073"", ""NO_CONFIRMED_BANK_TRANSACTION""], ""match_trace"": [{""accepted"": true, ""confidence"": 100.0, ""evidence"": {""match_basis"": ""invoice_id"", ""match_count"": 1}, ""method"": ""EXACT_ID"", ""requires_review"": false, ""source_id"": ""INV075"", ""stage"": ""INVOICE_TO_PAYMENT"", ""target_ids"": [""PAY0073""]}, {""accepted"": true, ""confidence"": 100.0, ""evidence"": {""match_basis"": ""payment_id"", ""match_count"": 1}, ""method"": ""EXACT_ID"", ""requires_review"": false, ""source_id"": ""PAY0073"", ""stage"": ""PAYMENT_TO_SETTLEMENT"", ""target_ids"": [""SET0073""]}, {""accepted"": false, ""confidence"": 0.0, ""evidence"": {""confidence_band"": ""REJECT"", ""reason"": ""No safe fuzzy candidate found.""}, ""method"": ""NONE"", ""requires_review"": true, ""source_id"": ""SET0073"", ""stage"": ""SETTLEMENT_TO_BANK"", ""target_ids"": []}], ""root_cause"": {""settlement_ids"": [""SET0073""]}}"
INV076,C016,CloudArc Solutions Pvt Ltd,170500.00,PAY0074,SET0074,BNK0072,170500.00,170500.00,170500.00,0.00,RECONCILED,CLEAN,100.0,EXACT_ID,False,"Invoice, payment, settlement and bank credit reconcile without unexplained differences.",No action required.,"{""chain_issues"": [], ""match_trace"": [{""accepted"": true, ""confidence"": 100.0, ""evidence"": {""match_basis"": ""invoice_id"", ""match_count"": 1}, ""method"": ""EXACT_ID"", ""requires_review"": false, ""source_id"": ""INV076"", ""stage"": ""INVOICE_TO_PAYMENT"", ""target_ids"": [""PAY0074""]}, {""accepted"": true, ""confidence"": 100.0, ""evidence"": {""match_basis"": ""payment_id"", ""match_count"": 1}, ""method"": ""EXACT_ID"", ""requires_review"": false, ""source_id"": ""PAY0074"", ""stage"": ""PAYMENT_TO_SETTLEMENT"", ""target_ids"": [""SET0074""]}, {""accepted"": true, ""confidence"": 100.0, ""evidence"": {""match_basis"": ""settlement_id"", ""match_count"": 1}, ""method"": ""EXACT_ID"", ""requires_review"": false, ""source_id"": ""SET0074"", ""stage"": ""SETTLEMENT_TO_BANK"", ""target_ids"": [""BNK0072""]}], ""root_cause"": {""actual_bank_amount"": ""170500.00"", ""chargeback_adjustment_total"": ""0.00"", ""chargeback_evidence_total"": ""0.00"", ""expected_settlement"": ""170500.00"", ""gateway_fee_total"": ""0.00"", ""gst_total"": ""0.00"", ""invoice_amount"": ""170500.00"", ""match_confidence"": 100.0, ""other_adjustment_total"": ""0.00"", ""payment_total"": ""170500.00"", ""refund_adjustment_total"": ""0.00"", ""refund_evidence_total"": ""0.00""}}"
INV077,C017,MetroMart Retail LLP,269500.00,,,,0.00,0.00,0.00,0.00,UNRESOLVED,MISSING_PAYMENT,95.0,NONE,True,No confirmed payment could be found for the invoice.,Verify the receivable with the customer and inspect payment-provider records.,"{""chain_issues"": [""PAYMENT_MATCH_REQUIRES_REVIEW"", ""NO_CONFIRMED_PAYMENT""], ""match_trace"": [{""accepted"": false, ""confidence"": 0.0, ""evidence"": {""confidence_band"": ""REJECT"", ""reason"": ""No safe fuzzy candidate found.""}, ""method"": ""NONE"", ""requires_review"": true, ""source_id"": ""INV077"", ""stage"": ""INVOICE_TO_PAYMENT"", ""target_ids"": []}], ""root_cause"": {""invoice_amount"": ""269500.00"", ""invoice_id"": ""INV077""}}"
INV078,C018,NorthStar Components Pvt Ltd,351000.00,PAY0075,SET0075,,351000.00,351000.00,0.00,351000.00,UNRESOLVED,MISSING_BANK_ENTRY,100.0,EXACT_ID,True,"Settlement evidence exists, but one or more expected bank credits are missing.",Check settlement status and bank statements; escalate to the payment provider if the credit is overdue.,"{""chain_issues"": [""BANK_MATCH_REQUIRES_REVIEW:SET0075"", ""NO_CONFIRMED_BANK_TRANSACTION""], ""match_trace"": [{""accepted"": true, ""confidence"": 100.0, ""evidence"": {""match_basis"": ""invoice_id"", ""match_count"": 1}, ""method"": ""EXACT_ID"", ""requires_review"": false, ""source_id"": ""INV078"", ""stage"": ""INVOICE_TO_PAYMENT"", ""target_ids"": [""PAY0075""]}, {""accepted"": true, ""confidence"": 100.0, ""evidence"": {""match_basis"": ""payment_id"", ""match_count"": 1}, ""method"": ""EXACT_ID"", ""requires_review"": false, ""source_id"": ""PAY0075"", ""stage"": ""PAYMENT_TO_SETTLEMENT"", ""target_ids"": [""SET0075""]}, {""accepted"": false, ""confidence"": 0.0, ""evidence"": {""confidence_band"": ""REJECT"", ""reason"": ""No safe fuzzy candidate found.""}, ""method"": ""NONE"", ""requires_review"": true, ""source_id"": ""SET0075"", ""stage"": ""SETTLEMENT_TO_BANK"", ""target_ids"": []}], ""root_cause"": {""settlement_ids"": [""SET0075""]}}"
INV079,C019,SwiftRoute Services Pvt Ltd,161000.00,PAY0076,SET0076,,161000.00,161000.00,0.00,161000.00,UNRESOLVED,MISSING_BANK_ENTRY,100.0,EXACT_ID,True,"Settlement evidence exists, but one or more expected bank credits are missing.",Check settlement status and bank statements; escalate to the payment provider if the credit is overdue.,"{""chain_issues"": [""BANK_MATCH_REQUIRES_REVIEW:SET0076"", ""NO_CONFIRMED_BANK_TRANSACTION""], ""match_trace"": [{""accepted"": true, ""confidence"": 100.0, ""evidence"": {""match_basis"": ""invoice_id"", ""match_count"": 1}, ""method"": ""EXACT_ID"", ""requires_review"": false, ""source_id"": ""INV079"", ""stage"": ""INVOICE_TO_PAYMENT"", ""target_ids"": [""PAY0076""]}, {""accepted"": true, ""confidence"": 100.0, ""evidence"": {""match_basis"": ""payment_id"", ""match_count"": 1}, ""method"": ""EXACT_ID"", ""requires_review"": false, ""source_id"": ""PAY0076"", ""stage"": ""PAYMENT_TO_SETTLEMENT"", ""target_ids"": [""SET0076""]}, {""accepted"": false, ""confidence"": 0.0, ""evidence"": {""confidence_band"": ""REJECT"", ""reason"": ""No safe fuzzy candidate found.""}, ""method"": ""NONE"", ""requires_review"": true, ""source_id"": ""SET0076"", ""stage"": ""SETTLEMENT_TO_BANK"", ""target_ids"": []}], ""root_cause"": {""settlement_ids"": [""SET0076""]}}"
INV080,C020,Zenith Business Solutions LLP,350000.00,PAY0077,SET0077,BNK0073,350000.00,350000.00,350000.00,0.00,RECONCILED,CLEAN,100.0,EXACT_ID,False,"Invoice, payment, settlement and bank credit reconcile without unexplained differences.",No action required.,"{""chain_issues"": [], ""match_trace"": [{""accepted"": true, ""confidence"": 100.0, ""evidence"": {""match_basis"": ""invoice_id"", ""match_count"": 1}, ""method"": ""EXACT_ID"", ""requires_review"": false, ""source_id"": ""INV080"", ""stage"": ""INVOICE_TO_PAYMENT"", ""target_ids"": [""PAY0077""]}, {""accepted"": true, ""confidence"": 100.0, ""evidence"": {""match_basis"": ""payment_id"", ""match_count"": 1}, ""method"": ""EXACT_ID"", ""requires_review"": false, ""source_id"": ""PAY0077"", ""stage"": ""PAYMENT_TO_SETTLEMENT"", ""target_ids"": [""SET0077""]}, {""accepted"": true, ""confidence"": 100.0, ""evidence"": {""match_basis"": ""settlement_id"", ""match_count"": 1}, ""method"": ""EXACT_ID"", ""requires_review"": false, ""source_id"": ""SET0077"", ""stage"": ""SETTLEMENT_TO_BANK"", ""target_ids"": [""BNK0073""]}], ""root_cause"": {""actual_bank_amount"": ""350000.00"", ""chargeback_adjustment_total"": ""0.00"", ""chargeback_evidence_total"": ""0.00"", ""expected_settlement"": ""350000.00"", ""gateway_fee_total"": ""0.00"", ""gst_total"": ""0.00"", ""invoice_amount"": ""350000.00"", ""match_confidence"": 100.0, ""other_adjustment_total"": ""0.00"", ""payment_total"": ""350000.00"", ""refund_adjustment_total"": ""0.00"", ""refund_evidence_total"": ""0.00""}}"
INV081,C001,Alpha Retail Pvt Ltd,301000.00,PAY0078,SET0078,BNK0074,301000.00,301000.00,293000.00,8000.00,UNRESOLVED,UNEXPLAINED,100.0,EXACT_ID,True,"₹8,000.00 cannot be explained by verified fees, refunds, chargebacks or known adjustments.",Escalate the settlement for manual investigation.,"{""chain_issues"": [], ""match_trace"": [{""accepted"": true, ""confidence"": 100.0, ""evidence"": {""match_basis"": ""invoice_id"", ""match_count"": 1}, ""method"": ""EXACT_ID"", ""requires_review"": false, ""source_id"": ""INV081"", ""stage"": ""INVOICE_TO_PAYMENT"", ""target_ids"": [""PAY0078""]}, {""accepted"": true, ""confidence"": 100.0, ""evidence"": {""match_basis"": ""payment_id"", ""match_count"": 1}, ""method"": ""EXACT_ID"", ""requires_review"": false, ""source_id"": ""PAY0078"", ""stage"": ""PAYMENT_TO_SETTLEMENT"", ""target_ids"": [""SET0078""]}, {""accepted"": true, ""confidence"": 100.0, ""evidence"": {""match_basis"": ""settlement_id"", ""match_count"": 1}, ""method"": ""EXACT_ID"", ""requires_review"": false, ""source_id"": ""SET0078"", ""stage"": ""SETTLEMENT_TO_BANK"", ""target_ids"": [""BNK0074""]}], ""root_cause"": {""actual_bank_amount"": ""293000.00"", ""chargeback_adjustment_total"": ""0.00"", ""chargeback_evidence_total"": ""0.00"", ""expected_settlement"": ""301000.00"", ""gateway_fee_total"": ""0.00"", ""gst_total"": ""0.00"", ""invoice_amount"": ""301000.00"", ""match_confidence"": 100.0, ""other_adjustment_total"": ""0.00"", ""payment_total"": ""301000.00"", ""refund_adjustment_total"": ""0.00"", ""refund_evidence_total"": ""0.00"", ""unexplained_difference"": ""8000.00""}}"
INV082,C002,Nova Technologies Pvt Ltd,117500.00,PAY0079,SET0079,BNK0075,117500.00,117500.00,117500.00,0.00,RECONCILED,CLEAN,100.0,EXACT_ID,False,"Invoice, payment, settlement and bank credit reconcile without unexplained differences.",No action required.,"{""chain_issues"": [], ""match_trace"": [{""accepted"": true, ""confidence"": 100.0, ""evidence"": {""match_basis"": ""invoice_id"", ""match_count"": 1}, ""method"": ""EXACT_ID"", ""requires_review"": false, ""source_id"": ""INV082"", ""stage"": ""INVOICE_TO_PAYMENT"", ""target_ids"": [""PAY0079""]}, {""accepted"": true, ""confidence"": 100.0, ""evidence"": {""match_basis"": ""payment_id"", ""match_count"": 1}, ""method"": ""EXACT_ID"", ""requires_review"": false, ""source_id"": ""PAY0079"", ""stage"": ""PAYMENT_TO_SETTLEMENT"", ""target_ids"": [""SET0079""]}, {""accepted"": true, ""confidence"": 100.0, ""evidence"": {""match_basis"": ""settlement_id"", ""match_count"": 1}, ""method"": ""EXACT_ID"", ""requires_review"": false, ""source_id"": ""SET0079"", ""stage"": ""SETTLEMENT_TO_BANK"", ""target_ids"": [""BNK0075""]}], ""root_cause"": {""actual_bank_amount"": ""117500.00"", ""chargeback_adjustment_total"": ""0.00"", ""chargeback_evidence_total"": ""0.00"", ""expected_settlement"": ""117500.00"", ""gateway_fee_total"": ""0.00"", ""gst_total"": ""0.00"", ""invoice_amount"": ""117500.00"", ""match_confidence"": 100.0, ""other_adjustment_total"": ""0.00"", ""payment_total"": ""117500.00"", ""refund_adjustment_total"": ""0.00"", ""refund_evidence_total"": ""0.00""}}"
INV083,C003,Horizon Foods LLP,236000.00,PAY0080,SET0080,BNK0076,236000.00,236000.00,236000.00,0.00,RECONCILED,CLEAN,100.0,EXACT_ID,False,"Invoice, payment, settlement and bank credit reconcile without unexplained differences.",No action required.,"{""chain_issues"": [], ""match_trace"": [{""accepted"": true, ""confidence"": 100.0, ""evidence"": {""match_basis"": ""invoice_id"", ""match_count"": 1}, ""method"": ""EXACT_ID"", ""requires_review"": false, ""source_id"": ""INV083"", ""stage"": ""INVOICE_TO_PAYMENT"", ""target_ids"": [""PAY0080""]}, {""accepted"": true, ""confidence"": 100.0, ""evidence"": {""match_basis"": ""payment_id"", ""match_count"": 1}, ""method"": ""EXACT_ID"", ""requires_review"": false, ""source_id"": ""PAY0080"", ""stage"": ""PAYMENT_TO_SETTLEMENT"", ""target_ids"": [""SET0080""]}, {""accepted"": true, ""confidence"": 100.0, ""evidence"": {""match_basis"": ""settlement_id"", ""match_count"": 1}, ""method"": ""EXACT_ID"", ""requires_review"": false, ""source_id"": ""SET0080"", ""stage"": ""SETTLEMENT_TO_BANK"", ""target_ids"": [""BNK0076""]}], ""root_cause"": {""actual_bank_amount"": ""236000.00"", ""chargeback_adjustment_total"": ""0.00"", ""chargeback_evidence_total"": ""0.00"", ""expected_settlement"": ""236000.00"", ""gateway_fee_total"": ""0.00"", ""gst_total"": ""0.00"", ""invoice_amount"": ""236000.00"", ""match_confidence"": 100.0, ""other_adjustment_total"": ""0.00"", ""payment_total"": ""236000.00"", ""refund_adjustment_total"": ""0.00"", ""refund_evidence_total"": ""0.00""}}"
INV084,C004,BluePeak Logistics Pvt Ltd,252000.00,PAY0081,SET0081,BNK0077,252000.00,252000.00,252000.00,0.00,EXPLAINED_EXCEPTION,SETTLEMENT_DELAY,100.0,EXACT_ID,False,"The settlement amount reconciles, but the corresponding bank credit arrived later than the expected settlement window.",Track this delay in cash-position forecasting and monitor provider settlement performance.,"{""chain_issues"": [], ""match_trace"": [{""accepted"": true, ""confidence"": 100.0, ""evidence"": {""match_basis"": ""invoice_id"", ""match_count"": 1}, ""method"": ""EXACT_ID"", ""requires_review"": false, ""source_id"": ""INV084"", ""stage"": ""INVOICE_TO_PAYMENT"", ""target_ids"": [""PAY0081""]}, {""accepted"": true, ""confidence"": 100.0, ""evidence"": {""match_basis"": ""payment_id"", ""match_count"": 1}, ""method"": ""EXACT_ID"", ""requires_review"": false, ""source_id"": ""PAY0081"", ""stage"": ""PAYMENT_TO_SETTLEMENT"", ""target_ids"": [""SET0081""]}, {""accepted"": true, ""confidence"": 100.0, ""evidence"": {""match_basis"": ""settlement_id"", ""match_count"": 1}, ""method"": ""EXACT_ID"", ""requires_review"": false, ""source_id"": ""SET0081"", ""stage"": ""SETTLEMENT_TO_BANK"", ""target_ids"": [""BNK0077""]}], ""root_cause"": {""actual_bank_amount"": ""252000.00"", ""chargeback_adjustment_total"": ""0.00"", ""chargeback_evidence_total"": ""0.00"", ""expected_settlement"": ""252000.00"", ""gateway_fee_total"": ""0.00"", ""gst_total"": ""0.00"", ""invoice_amount"": ""252000.00"", ""match_confidence"": 100.0, ""other_adjustment_total"": ""0.00"", ""payment_total"": ""252000.00"", ""refund_adjustment_total"": ""0.00"", ""refund_evidence_total"": ""0.00"", ""settlement_delay_days"": [4]}}"
INV085,C005,Vertex Consulting LLP,273500.00,PAY0082,SET0082,BNK0078,273500.00,0.00,0.00,0.00,EXPLAINED_EXCEPTION,FULL_REFUND,100.0,EXACT_ID,False,The settlement reduction is fully explained by a processed full refund.,No reconciliation correction is required; retain the refund linkage for audit.,"{""chain_issues"": [], ""match_trace"": [{""accepted"": true, ""confidence"": 100.0, ""evidence"": {""match_basis"": ""invoice_id"", ""match_count"": 1}, ""method"": ""EXACT_ID"", ""requires_review"": false, ""source_id"": ""INV085"", ""stage"": ""INVOICE_TO_PAYMENT"", ""target_ids"": [""PAY0082""]}, {""accepted"": true, ""confidence"": 100.0, ""evidence"": {""match_basis"": ""payment_id"", ""match_count"": 1}, ""method"": ""EXACT_ID"", ""requires_review"": false, ""source_id"": ""PAY0082"", ""stage"": ""PAYMENT_TO_SETTLEMENT"", ""target_ids"": [""SET0082""]}, {""accepted"": true, ""confidence"": 100.0, ""evidence"": {""match_basis"": ""settlement_id"", ""match_count"": 1}, ""method"": ""EXACT_ID"", ""requires_review"": false, ""source_id"": ""SET0082"", ""stage"": ""SETTLEMENT_TO_BANK"", ""target_ids"": [""BNK0078""]}], ""root_cause"": {""actual_bank_amount"": ""0.00"", ""chargeback_adjustment_total"": ""0.00"", ""chargeback_evidence_total"": ""0.00"", ""expected_settlement"": ""0.00"", ""gateway_fee_total"": ""0.00"", ""gst_total"": ""0.00"", ""invoice_amount"": ""273500.00"", ""match_confidence"": 100.0, ""other_adjustment_total"": ""0.00"", ""payment_total"": ""273500.00"", ""refund_adjustment_total"": ""273500.00"", ""refund_evidence_total"": ""273500.00""}}"
INV086,C006,GreenCart Commerce Pvt Ltd,429000.00,PAY0083|PAY0084,SET0083|SET0084,BNK0079|BNK0080,858000.00,858000.00,858000.00,0.00,EXPLAINED_EXCEPTION,DUPLICATE_PAYMENT,100.0,EXACT_ID,True,Multiple full-value payments were received against the same invoice within a short time window.,Review the duplicate receipt and determine whether a refund or customer credit is required.,"{""chain_issues"": [], ""match_trace"": [{""accepted"": true, ""confidence"": 100.0, ""evidence"": {""match_basis"": ""invoice_id"", ""match_count"": 2}, ""method"": ""EXACT_ID"", ""requires_review"": false, ""source_id"": ""INV086"", ""stage"": ""INVOICE_TO_PAYMENT"", ""target_ids"": [""PAY0083"", ""PAY0084""]}, {""accepted"": true, ""confidence"": 100.0, ""evidence"": {""match_basis"": ""payment_id"", ""match_count"": 1}, ""method"": ""EXACT_ID"", ""requires_review"": false, ""source_id"": ""PAY0083"", ""stage"": ""PAYMENT_TO_SETTLEMENT"", ""target_ids"": [""SET0083""]}, {""accepted"": true, ""confidence"": 100.0, ""evidence"": {""match_basis"": ""payment_id"", ""match_count"": 1}, ""method"": ""EXACT_ID"", ""requires_review"": false, ""source_id"": ""PAY0084"", ""stage"": ""PAYMENT_TO_SETTLEMENT"", ""target_ids"": [""SET0084""]}, {""accepted"": true, ""confidence"": 100.0, ""evidence"": {""match_basis"": ""settlement_id"", ""match_count"": 1}, ""method"": ""EXACT_ID"", ""requires_review"": false, ""source_id"": ""SET0083"", ""stage"": ""SETTLEMENT_TO_BANK"", ""target_ids"": [""BNK0079""]}, {""accepted"": true, ""confidence"": 100.0, ""evidence"": {""match_basis"": ""settlement_id"", ""match_count"": 1}, ""method"": ""EXACT_ID"", ""requires_review"": false, ""source_id"": ""SET0084"", ""stage"": ""SETTLEMENT_TO_BANK"", ""target_ids"": [""BNK0080""]}], ""root_cause"": {""actual_bank_amount"": ""858000.00"", ""chargeback_adjustment_total"": ""0.00"", ""chargeback_evidence_total"": ""0.00"", ""expected_settlement"": ""858000.00"", ""gateway_fee_total"": ""0.00"", ""gst_total"": ""0.00"", ""invoice_amount"": ""429000.00"", ""match_confidence"": 100.0, ""other_adjustment_total"": ""0.00"", ""payment_total"": ""858000.00"", ""refund_adjustment_total"": ""0.00"", ""refund_evidence_total"": ""0.00""}}"
INV087,C007,Orbit Systems Pvt Ltd,422500.00,PAY0085|PAY0086,SET0085|SET0086,BNK0081|BNK0082,845000.00,845000.00,845000.00,0.00,EXPLAINED_EXCEPTION,DUPLICATE_PAYMENT,100.0,EXACT_ID,True,Multiple full-value payments were received against the same invoice within a short time window.,Review the duplicate receipt and determine whether a refund or customer credit is required.,"{""chain_issues"": [], ""match_trace"": [{""accepted"": true, ""confidence"": 100.0, ""evidence"": {""match_basis"": ""invoice_id"", ""match_count"": 2}, ""method"": ""EXACT_ID"", ""requires_review"": false, ""source_id"": ""INV087"", ""stage"": ""INVOICE_TO_PAYMENT"", ""target_ids"": [""PAY0085"", ""PAY0086""]}, {""accepted"": true, ""confidence"": 100.0, ""evidence"": {""match_basis"": ""payment_id"", ""match_count"": 1}, ""method"": ""EXACT_ID"", ""requires_review"": false, ""source_id"": ""PAY0085"", ""stage"": ""PAYMENT_TO_SETTLEMENT"", ""target_ids"": [""SET0085""]}, {""accepted"": true, ""confidence"": 100.0, ""evidence"": {""match_basis"": ""payment_id"", ""match_count"": 1}, ""method"": ""EXACT_ID"", ""requires_review"": false, ""source_id"": ""PAY0086"", ""stage"": ""PAYMENT_TO_SETTLEMENT"", ""target_ids"": [""SET0086""]}, {""accepted"": true, ""confidence"": 100.0, ""evidence"": {""match_basis"": ""settlement_id"", ""match_count"": 1}, ""method"": ""EXACT_ID"", ""requires_review"": false, ""source_id"": ""SET0085"", ""stage"": ""SETTLEMENT_TO_BANK"", ""target_ids"": [""BNK0081""]}, {""accepted"": true, ""confidence"": 100.0, ""evidence"": {""match_basis"": ""settlement_id"", ""match_count"": 1}, ""method"": ""EXACT_ID"", ""requires_review"": false, ""source_id"": ""SET0086"", ""stage"": ""SETTLEMENT_TO_BANK"", ""target_ids"": [""BNK0082""]}], ""root_cause"": {""actual_bank_amount"": ""845000.00"", ""chargeback_adjustment_total"": ""0.00"", ""chargeback_evidence_total"": ""0.00"", ""expected_settlement"": ""845000.00"", ""gateway_fee_total"": ""0.00"", ""gst_total"": ""0.00"", ""invoice_amount"": ""422500.00"", ""match_confidence"": 100.0, ""other_adjustment_total"": ""0.00"", ""payment_total"": ""845000.00"", ""refund_adjustment_total"": ""0.00"", ""refund_evidence_total"": ""0.00""}}"
INV088,C008,Cedar Healthcare Pvt Ltd,253000.00,PAY0087,SET0087,BNK0083,253000.00,247029.00,247029.00,0.00,RECONCILED,GATEWAY_FEE_GST,100.0,EXACT_ID,False,The lower bank credit is fully explained by recorded gateway fees and GST.,No reconciliation action required.,"{""chain_issues"": [], ""match_trace"": [{""accepted"": true, ""confidence"": 100.0, ""evidence"": {""match_basis"": ""invoice_id"", ""match_count"": 1}, ""method"": ""EXACT_ID"", ""requires_review"": false, ""source_id"": ""INV088"", ""stage"": ""INVOICE_TO_PAYMENT"", ""target_ids"": [""PAY0087""]}, {""accepted"": true, ""confidence"": 100.0, ""evidence"": {""match_basis"": ""payment_id"", ""match_count"": 1}, ""method"": ""EXACT_ID"", ""requires_review"": false, ""source_id"": ""PAY0087"", ""stage"": ""PAYMENT_TO_SETTLEMENT"", ""target_ids"": [""SET0087""]}, {""accepted"": true, ""confidence"": 100.0, ""evidence"": {""match_basis"": ""settlement_id"", ""match_count"": 1}, ""method"": ""EXACT_ID"", ""requires_review"": false, ""source_id"": ""SET0087"", ""stage"": ""SETTLEMENT_TO_BANK"", ""target_ids"": [""BNK0083""]}], ""root_cause"": {""actual_bank_amount"": ""247029.00"", ""chargeback_adjustment_total"": ""0.00"", ""chargeback_evidence_total"": ""0.00"", ""expected_settlement"": ""247029.00"", ""gateway_fee_total"": ""5060.00"", ""gst_total"": ""911.00"", ""invoice_amount"": ""253000.00"", ""match_confidence"": 100.0, ""other_adjustment_total"": ""0.00"", ""payment_total"": ""253000.00"", ""refund_adjustment_total"": ""0.00"", ""refund_evidence_total"": ""0.00""}}"
INV089,C009,Nimbus Learning Pvt Ltd,222000.00,PAY0088,SET0088,BNK0084,111000.00,111000.00,111000.00,0.00,EXPLAINED_EXCEPTION,PARTIAL_PAYMENT,100.0,EXACT_ID,False,The invoice permits installments and only part of the receivable has been collected.,Keep the remaining balance open and include it in receivables and cash-flow forecasting.,"{""chain_issues"": [], ""match_trace"": [{""accepted"": true, ""confidence"": 100.0, ""evidence"": {""match_basis"": ""invoice_id"", ""match_count"": 1}, ""method"": ""EXACT_ID"", ""requires_review"": false, ""source_id"": ""INV089"", ""stage"": ""INVOICE_TO_PAYMENT"", ""target_ids"": [""PAY0088""]}, {""accepted"": true, ""confidence"": 100.0, ""evidence"": {""match_basis"": ""payment_id"", ""match_count"": 1}, ""method"": ""EXACT_ID"", ""requires_review"": false, ""source_id"": ""PAY0088"", ""stage"": ""PAYMENT_TO_SETTLEMENT"", ""target_ids"": [""SET0088""]}, {""accepted"": true, ""confidence"": 100.0, ""evidence"": {""match_basis"": ""settlement_id"", ""match_count"": 1}, ""method"": ""EXACT_ID"", ""requires_review"": false, ""source_id"": ""SET0088"", ""stage"": ""SETTLEMENT_TO_BANK"", ""target_ids"": [""BNK0084""]}], ""root_cause"": {""actual_bank_amount"": ""111000.00"", ""chargeback_adjustment_total"": ""0.00"", ""chargeback_evidence_total"": ""0.00"", ""expected_settlement"": ""111000.00"", ""gateway_fee_total"": ""0.00"", ""gst_total"": ""0.00"", ""invoice_amount"": ""222000.00"", ""invoice_payment_difference"": ""111000.00"", ""match_confidence"": 100.0, ""other_adjustment_total"": ""0.00"", ""payment_total"": ""111000.00"", ""refund_adjustment_total"": ""0.00"", ""refund_evidence_total"": ""0.00""}}"
INV090,C010,UrbanNest Interiors LLP,214500.00,PAY0089,SET0089,BNK0085,214500.00,214500.00,214500.00,0.00,RECONCILED,CLEAN,100.0,EXACT_ID,False,"Invoice, payment, settlement and bank credit reconcile without unexplained differences.",No action required.,"{""chain_issues"": [], ""match_trace"": [{""accepted"": true, ""confidence"": 100.0, ""evidence"": {""match_basis"": ""invoice_id"", ""match_count"": 1}, ""method"": ""EXACT_ID"", ""requires_review"": false, ""source_id"": ""INV090"", ""stage"": ""INVOICE_TO_PAYMENT"", ""target_ids"": [""PAY0089""]}, {""accepted"": true, ""confidence"": 100.0, ""evidence"": {""match_basis"": ""payment_id"", ""match_count"": 1}, ""method"": ""EXACT_ID"", ""requires_review"": false, ""source_id"": ""PAY0089"", ""stage"": ""PAYMENT_TO_SETTLEMENT"", ""target_ids"": [""SET0089""]}, {""accepted"": true, ""confidence"": 100.0, ""evidence"": {""match_basis"": ""settlement_id"", ""match_count"": 1}, ""method"": ""EXACT_ID"", ""requires_review"": false, ""source_id"": ""SET0089"", ""stage"": ""SETTLEMENT_TO_BANK"", ""target_ids"": [""BNK0085""]}], ""root_cause"": {""actual_bank_amount"": ""214500.00"", ""chargeback_adjustment_total"": ""0.00"", ""chargeback_evidence_total"": ""0.00"", ""expected_settlement"": ""214500.00"", ""gateway_fee_total"": ""0.00"", ""gst_total"": ""0.00"", ""invoice_amount"": ""214500.00"", ""match_confidence"": 100.0, ""other_adjustment_total"": ""0.00"", ""payment_total"": ""214500.00"", ""refund_adjustment_total"": ""0.00"", ""refund_evidence_total"": ""0.00""}}"
INV091,C011,Silverline Manufacturing Pvt Ltd,408500.00,PAY0090,SET0090,BNK0086,408500.00,245100.00,245100.00,0.00,EXPLAINED_EXCEPTION,PARTIAL_REFUND,100.0,EXACT_ID,False,The settlement reduction is explained by a processed partial refund.,No reconciliation correction is required; retain the refund linkage for audit.,"{""chain_issues"": [], ""match_trace"": [{""accepted"": true, ""confidence"": 100.0, ""evidence"": {""match_basis"": ""invoice_id"", ""match_count"": 1}, ""method"": ""EXACT_ID"", ""requires_review"": false, ""source_id"": ""INV091"", ""stage"": ""INVOICE_TO_PAYMENT"", ""target_ids"": [""PAY0090""]}, {""accepted"": true, ""confidence"": 100.0, ""evidence"": {""match_basis"": ""payment_id"", ""match_count"": 1}, ""method"": ""EXACT_ID"", ""requires_review"": false, ""source_id"": ""PAY0090"", ""stage"": ""PAYMENT_TO_SETTLEMENT"", ""target_ids"": [""SET0090""]}, {""accepted"": true, ""confidence"": 100.0, ""evidence"": {""match_basis"": ""settlement_id"", ""match_count"": 1}, ""method"": ""EXACT_ID"", ""requires_review"": false, ""source_id"": ""SET0090"", ""stage"": ""SETTLEMENT_TO_BANK"", ""target_ids"": [""BNK0086""]}], ""root_cause"": {""actual_bank_amount"": ""245100.00"", ""chargeback_adjustment_total"": ""0.00"", ""chargeback_evidence_total"": ""0.00"", ""expected_settlement"": ""245100.00"", ""gateway_fee_total"": ""0.00"", ""gst_total"": ""0.00"", ""invoice_amount"": ""408500.00"", ""match_confidence"": 100.0, ""other_adjustment_total"": ""0.00"", ""payment_total"": ""408500.00"", ""refund_adjustment_total"": ""163400.00"", ""refund_evidence_total"": ""163400.00""}}"
INV092,C012,Aster Mobility Pvt Ltd,295000.00,PAY0091,SET0091,BNK0087,295000.00,295000.00,295000.00,0.00,RECONCILED,CLEAN,100.0,EXACT_ID,False,"Invoice, payment, settlement and bank credit reconcile without unexplained differences.",No action required.,"{""chain_issues"": [], ""match_trace"": [{""accepted"": true, ""confidence"": 100.0, ""evidence"": {""match_basis"": ""invoice_id"", ""match_count"": 1}, ""method"": ""EXACT_ID"", ""requires_review"": false, ""source_id"": ""INV092"", ""stage"": ""INVOICE_TO_PAYMENT"", ""target_ids"": [""PAY0091""]}, {""accepted"": true, ""confidence"": 100.0, ""evidence"": {""match_basis"": ""payment_id"", ""match_count"": 1}, ""method"": ""EXACT_ID"", ""requires_review"": false, ""source_id"": ""PAY0091"", ""stage"": ""PAYMENT_TO_SETTLEMENT"", ""target_ids"": [""SET0091""]}, {""accepted"": true, ""confidence"": 100.0, ""evidence"": {""match_basis"": ""settlement_id"", ""match_count"": 1}, ""method"": ""EXACT_ID"", ""requires_review"": false, ""source_id"": ""SET0091"", ""stage"": ""SETTLEMENT_TO_BANK"", ""target_ids"": [""BNK0087""]}], ""root_cause"": {""actual_bank_amount"": ""295000.00"", ""chargeback_adjustment_total"": ""0.00"", ""chargeback_evidence_total"": ""0.00"", ""expected_settlement"": ""295000.00"", ""gateway_fee_total"": ""0.00"", ""gst_total"": ""0.00"", ""invoice_amount"": ""295000.00"", ""match_confidence"": 100.0, ""other_adjustment_total"": ""0.00"", ""payment_total"": ""295000.00"", ""refund_adjustment_total"": ""0.00"", ""refund_evidence_total"": ""0.00""}}"
INV093,C013,BrightGrid Energy Pvt Ltd,78000.00,PAY0092,SET0092,BNK0088,58500.00,58500.00,58500.00,0.00,EXPLAINED_EXCEPTION,PARTIAL_PAYMENT,100.0,EXACT_ID,False,The invoice permits installments and only part of the receivable has been collected.,Keep the remaining balance open and include it in receivables and cash-flow forecasting.,"{""chain_issues"": [], ""match_trace"": [{""accepted"": true, ""confidence"": 100.0, ""evidence"": {""match_basis"": ""invoice_id"", ""match_count"": 1}, ""method"": ""EXACT_ID"", ""requires_review"": false, ""source_id"": ""INV093"", ""stage"": ""INVOICE_TO_PAYMENT"", ""target_ids"": [""PAY0092""]}, {""accepted"": true, ""confidence"": 100.0, ""evidence"": {""match_basis"": ""payment_id"", ""match_count"": 1}, ""method"": ""EXACT_ID"", ""requires_review"": false, ""source_id"": ""PAY0092"", ""stage"": ""PAYMENT_TO_SETTLEMENT"", ""target_ids"": [""SET0092""]}, {""accepted"": true, ""confidence"": 100.0, ""evidence"": {""match_basis"": ""settlement_id"", ""match_count"": 1}, ""method"": ""EXACT_ID"", ""requires_review"": false, ""source_id"": ""SET0092"", ""stage"": ""SETTLEMENT_TO_BANK"", ""target_ids"": [""BNK0088""]}], ""root_cause"": {""actual_bank_amount"": ""58500.00"", ""chargeback_adjustment_total"": ""0.00"", ""chargeback_evidence_total"": ""0.00"", ""expected_settlement"": ""58500.00"", ""gateway_fee_total"": ""0.00"", ""gst_total"": ""0.00"", ""invoice_amount"": ""78000.00"", ""invoice_payment_difference"": ""19500.00"", ""match_confidence"": 100.0, ""other_adjustment_total"": ""0.00"", ""payment_total"": ""58500.00"", ""refund_adjustment_total"": ""0.00"", ""refund_evidence_total"": ""0.00""}}"
INV094,C014,PixelCraft Media LLP,323500.00,PAY0093,SET0093,BNK0089,323500.00,323500.00,323500.00,0.00,RECONCILED,CLEAN,98.5,FUZZY,False,"Invoice, payment, settlement and bank credit reconcile without unexplained differences.",No action required.,"{""chain_issues"": [], ""match_trace"": [{""accepted"": true, ""confidence"": 98.5, ""evidence"": {""amount_score"": 100.0, ""candidate_count"": 1, ""confidence_band"": ""AUTO_MATCH"", ""customer_score"": 100.0, ""date_distance_days"": 20, ""date_score"": 85.0, ""decision_reason"": ""High confidence with sufficient separation from competing candidates."", ""margin"": null, ""reference_score"": 100.0, ""second_best_score"": null}, ""method"": ""FUZZY"", ""requires_review"": false, ""source_id"": ""INV094"", ""stage"": ""INVOICE_TO_PAYMENT"", ""target_ids"": [""PAY0093""]}, {""accepted"": true, ""confidence"": 100.0, ""evidence"": {""amount_score"": 100.0, ""candidate_count"": 1, ""confidence_band"": ""AUTO_MATCH"", ""date_distance_days"": 2, ""date_score"": 100.0, ""decision_reason"": ""High confidence with sufficient separation from competing candidates."", ""margin"": null, ""reference_score"": 100.0, ""second_best_score"": null}, ""method"": ""FUZZY"", ""requires_review"": false, ""source_id"": ""PAY0093"", ""stage"": ""PAYMENT_TO_SETTLEMENT"", ""target_ids"": [""SET0093""]}, {""accepted"": true, ""confidence"": 100.0, ""evidence"": {""amount_score"": 100.0, ""candidate_count"": 1, ""confidence_band"": ""AUTO_MATCH"", ""date_distance_days"": 0, ""date_score"": 100.0, ""decision_reason"": ""High confidence with sufficient separation from competing candidates."", ""margin"": null, ""reference_score"": 100.0, ""second_best_score"": null}, ""method"": ""FUZZY"", ""requires_review"": false, ""source_id"": ""SET0093"", ""stage"": ""SETTLEMENT_TO_BANK"", ""target_ids"": [""BNK0089""]}], ""root_cause"": {""actual_bank_amount"": ""323500.00"", ""chargeback_adjustment_total"": ""0.00"", ""chargeback_evidence_total"": ""0.00"", ""expected_settlement"": ""323500.00"", ""gateway_fee_total"": ""0.00"", ""gst_total"": ""0.00"", ""invoice_amount"": ""323500.00"", ""match_confidence"": 98.5, ""other_adjustment_total"": ""0.00"", ""payment_total"": ""323500.00"", ""refund_adjustment_total"": ""0.00"", ""refund_evidence_total"": ""0.00""}}"
INV095,C015,PrimeLeaf Consumer Products Pvt Ltd,238000.00,PAY0094,SET0094,BNK0090,233000.00,233000.00,233000.00,0.00,UNRESOLVED,AMOUNT_MISMATCH,100.0,EXACT_ID,True,The amount collected does not agree with the invoice terms.,Review the payment amount and invoice terms before reconciliation.,"{""chain_issues"": [], ""match_trace"": [{""accepted"": true, ""confidence"": 100.0, ""evidence"": {""match_basis"": ""invoice_id"", ""match_count"": 1}, ""method"": ""EXACT_ID"", ""requires_review"": false, ""source_id"": ""INV095"", ""stage"": ""INVOICE_TO_PAYMENT"", ""target_ids"": [""PAY0094""]}, {""accepted"": true, ""confidence"": 100.0, ""evidence"": {""match_basis"": ""payment_id"", ""match_count"": 1}, ""method"": ""EXACT_ID"", ""requires_review"": false, ""source_id"": ""PAY0094"", ""stage"": ""PAYMENT_TO_SETTLEMENT"", ""target_ids"": [""SET0094""]}, {""accepted"": true, ""confidence"": 100.0, ""evidence"": {""match_basis"": ""settlement_id"", ""match_count"": 1}, ""method"": ""EXACT_ID"", ""requires_review"": false, ""source_id"": ""SET0094"", ""stage"": ""SETTLEMENT_TO_BANK"", ""target_ids"": [""BNK0090""]}], ""root_cause"": {""actual_bank_amount"": ""233000.00"", ""chargeback_adjustment_total"": ""0.00"", ""chargeback_evidence_total"": ""0.00"", ""expected_settlement"": ""233000.00"", ""gateway_fee_total"": ""0.00"", ""gst_total"": ""0.00"", ""invoice_amount"": ""238000.00"", ""invoice_payment_difference"": ""5000.00"", ""match_confidence"": 100.0, ""other_adjustment_total"": ""0.00"", ""payment_total"": ""233000.00"", ""refund_adjustment_total"": ""0.00"", ""refund_evidence_total"": ""0.00""}}"
INV096,C016,CloudArc Solutions Pvt Ltd,142500.00,PAY0095,SET0095,BNK0091,142500.00,142500.00,142500.00,0.00,RECONCILED,CLEAN,100.0,EXACT_ID,False,"Invoice, payment, settlement and bank credit reconcile without unexplained differences.",No action required.,"{""chain_issues"": [], ""match_trace"": [{""accepted"": true, ""confidence"": 100.0, ""evidence"": {""match_basis"": ""invoice_id"", ""match_count"": 1}, ""method"": ""EXACT_ID"", ""requires_review"": false, ""source_id"": ""INV096"", ""stage"": ""INVOICE_TO_PAYMENT"", ""target_ids"": [""PAY0095""]}, {""accepted"": true, ""confidence"": 100.0, ""evidence"": {""match_basis"": ""payment_id"", ""match_count"": 1}, ""method"": ""EXACT_ID"", ""requires_review"": false, ""source_id"": ""PAY0095"", ""stage"": ""PAYMENT_TO_SETTLEMENT"", ""target_ids"": [""SET0095""]}, {""accepted"": true, ""confidence"": 100.0, ""evidence"": {""match_basis"": ""settlement_id"", ""match_count"": 1}, ""method"": ""EXACT_ID"", ""requires_review"": false, ""source_id"": ""SET0095"", ""stage"": ""SETTLEMENT_TO_BANK"", ""target_ids"": [""BNK0091""]}], ""root_cause"": {""actual_bank_amount"": ""142500.00"", ""chargeback_adjustment_total"": ""0.00"", ""chargeback_evidence_total"": ""0.00"", ""expected_settlement"": ""142500.00"", ""gateway_fee_total"": ""0.00"", ""gst_total"": ""0.00"", ""invoice_amount"": ""142500.00"", ""match_confidence"": 100.0, ""other_adjustment_total"": ""0.00"", ""payment_total"": ""142500.00"", ""refund_adjustment_total"": ""0.00"", ""refund_evidence_total"": ""0.00""}}"
INV097,C017,MetroMart Retail LLP,258000.00,PAY0096,SET0096,BNK0092,258000.00,258000.00,258000.00,0.00,RECONCILED,CLEAN,100.0,EXACT_ID,False,"Invoice, payment, settlement and bank credit reconcile without unexplained differences.",No action required.,"{""chain_issues"": [], ""match_trace"": [{""accepted"": true, ""confidence"": 100.0, ""evidence"": {""match_basis"": ""invoice_id"", ""match_count"": 1}, ""method"": ""EXACT_ID"", ""requires_review"": false, ""source_id"": ""INV097"", ""stage"": ""INVOICE_TO_PAYMENT"", ""target_ids"": [""PAY0096""]}, {""accepted"": true, ""confidence"": 100.0, ""evidence"": {""match_basis"": ""payment_id"", ""match_count"": 1}, ""method"": ""EXACT_ID"", ""requires_review"": false, ""source_id"": ""PAY0096"", ""stage"": ""PAYMENT_TO_SETTLEMENT"", ""target_ids"": [""SET0096""]}, {""accepted"": true, ""confidence"": 100.0, ""evidence"": {""match_basis"": ""settlement_id"", ""match_count"": 1}, ""method"": ""EXACT_ID"", ""requires_review"": false, ""source_id"": ""SET0096"", ""stage"": ""SETTLEMENT_TO_BANK"", ""target_ids"": [""BNK0092""]}], ""root_cause"": {""actual_bank_amount"": ""258000.00"", ""chargeback_adjustment_total"": ""0.00"", ""chargeback_evidence_total"": ""0.00"", ""expected_settlement"": ""258000.00"", ""gateway_fee_total"": ""0.00"", ""gst_total"": ""0.00"", ""invoice_amount"": ""258000.00"", ""match_confidence"": 100.0, ""other_adjustment_total"": ""0.00"", ""payment_total"": ""258000.00"", ""refund_adjustment_total"": ""0.00"", ""refund_evidence_total"": ""0.00""}}"
INV098,C018,NorthStar Components Pvt Ltd,49500.00,PAY0097|PAY0098,SET0097|SET0098,BNK0093|BNK0094,99000.00,99000.00,99000.00,0.00,EXPLAINED_EXCEPTION,DUPLICATE_PAYMENT,100.0,EXACT_ID,True,Multiple full-value payments were received against the same invoice within a short time window.,Review the duplicate receipt and determine whether a refund or customer credit is required.,"{""chain_issues"": [], ""match_trace"": [{""accepted"": true, ""confidence"": 100.0, ""evidence"": {""match_basis"": ""invoice_id"", ""match_count"": 2}, ""method"": ""EXACT_ID"", ""requires_review"": false, ""source_id"": ""INV098"", ""stage"": ""INVOICE_TO_PAYMENT"", ""target_ids"": [""PAY0097"", ""PAY0098""]}, {""accepted"": true, ""confidence"": 100.0, ""evidence"": {""match_basis"": ""payment_id"", ""match_count"": 1}, ""method"": ""EXACT_ID"", ""requires_review"": false, ""source_id"": ""PAY0097"", ""stage"": ""PAYMENT_TO_SETTLEMENT"", ""target_ids"": [""SET0097""]}, {""accepted"": true, ""confidence"": 100.0, ""evidence"": {""match_basis"": ""payment_id"", ""match_count"": 1}, ""method"": ""EXACT_ID"", ""requires_review"": false, ""source_id"": ""PAY0098"", ""stage"": ""PAYMENT_TO_SETTLEMENT"", ""target_ids"": [""SET0098""]}, {""accepted"": true, ""confidence"": 100.0, ""evidence"": {""match_basis"": ""settlement_id"", ""match_count"": 1}, ""method"": ""EXACT_ID"", ""requires_review"": false, ""source_id"": ""SET0097"", ""stage"": ""SETTLEMENT_TO_BANK"", ""target_ids"": [""BNK0093""]}, {""accepted"": true, ""confidence"": 100.0, ""evidence"": {""match_basis"": ""settlement_id"", ""match_count"": 1}, ""method"": ""EXACT_ID"", ""requires_review"": false, ""source_id"": ""SET0098"", ""stage"": ""SETTLEMENT_TO_BANK"", ""target_ids"": [""BNK0094""]}], ""root_cause"": {""actual_bank_amount"": ""99000.00"", ""chargeback_adjustment_total"": ""0.00"", ""chargeback_evidence_total"": ""0.00"", ""expected_settlement"": ""99000.00"", ""gateway_fee_total"": ""0.00"", ""gst_total"": ""0.00"", ""invoice_amount"": ""49500.00"", ""match_confidence"": 100.0, ""other_adjustment_total"": ""0.00"", ""payment_total"": ""99000.00"", ""refund_adjustment_total"": ""0.00"", ""refund_evidence_total"": ""0.00""}}"
INV099,C019,SwiftRoute Services Pvt Ltd,173500.00,PAY0099,SET0099,BNK0095,173500.00,169405.00,169405.00,0.00,RECONCILED,GATEWAY_FEE_GST,100.0,EXACT_ID,False,The lower bank credit is fully explained by recorded gateway fees and GST.,No reconciliation action required.,"{""chain_issues"": [], ""match_trace"": [{""accepted"": true, ""confidence"": 100.0, ""evidence"": {""match_basis"": ""invoice_id"", ""match_count"": 1}, ""method"": ""EXACT_ID"", ""requires_review"": false, ""source_id"": ""INV099"", ""stage"": ""INVOICE_TO_PAYMENT"", ""target_ids"": [""PAY0099""]}, {""accepted"": true, ""confidence"": 100.0, ""evidence"": {""match_basis"": ""payment_id"", ""match_count"": 1}, ""method"": ""EXACT_ID"", ""requires_review"": false, ""source_id"": ""PAY0099"", ""stage"": ""PAYMENT_TO_SETTLEMENT"", ""target_ids"": [""SET0099""]}, {""accepted"": true, ""confidence"": 100.0, ""evidence"": {""match_basis"": ""settlement_id"", ""match_count"": 1}, ""method"": ""EXACT_ID"", ""requires_review"": false, ""source_id"": ""SET0099"", ""stage"": ""SETTLEMENT_TO_BANK"", ""target_ids"": [""BNK0095""]}], ""root_cause"": {""actual_bank_amount"": ""169405.00"", ""chargeback_adjustment_total"": ""0.00"", ""chargeback_evidence_total"": ""0.00"", ""expected_settlement"": ""169405.00"", ""gateway_fee_total"": ""3470.00"", ""gst_total"": ""625.00"", ""invoice_amount"": ""173500.00"", ""match_confidence"": 100.0, ""other_adjustment_total"": ""0.00"", ""payment_total"": ""173500.00"", ""refund_adjustment_total"": ""0.00"", ""refund_evidence_total"": ""0.00""}}"
INV100,C020,Zenith Business Solutions LLP,87000.00,PAY0100,SET0100,BNK0096,87000.00,0.00,0.00,0.00,EXPLAINED_EXCEPTION,FULL_REFUND,100.0,EXACT_ID,False,The settlement reduction is fully explained by a processed full refund.,No reconciliation correction is required; retain the refund linkage for audit.,"{""chain_issues"": [], ""match_trace"": [{""accepted"": true, ""confidence"": 100.0, ""evidence"": {""match_basis"": ""invoice_id"", ""match_count"": 1}, ""method"": ""EXACT_ID"", ""requires_review"": false, ""source_id"": ""INV100"", ""stage"": ""INVOICE_TO_PAYMENT"", ""target_ids"": [""PAY0100""]}, {""accepted"": true, ""confidence"": 100.0, ""evidence"": {""match_basis"": ""payment_id"", ""match_count"": 1}, ""method"": ""EXACT_ID"", ""requires_review"": false, ""source_id"": ""PAY0100"", ""stage"": ""PAYMENT_TO_SETTLEMENT"", ""target_ids"": [""SET0100""]}, {""accepted"": true, ""confidence"": 100.0, ""evidence"": {""match_basis"": ""settlement_id"", ""match_count"": 1}, ""method"": ""EXACT_ID"", ""requires_review"": false, ""source_id"": ""SET0100"", ""stage"": ""SETTLEMENT_TO_BANK"", ""target_ids"": [""BNK0096""]}], ""root_cause"": {""actual_bank_amount"": ""0.00"", ""chargeback_adjustment_total"": ""0.00"", ""chargeback_evidence_total"": ""0.00"", ""expected_settlement"": ""0.00"", ""gateway_fee_total"": ""0.00"", ""gst_total"": ""0.00"", ""invoice_amount"": ""87000.00"", ""match_confidence"": 100.0, ""other_adjustment_total"": ""0.00"", ""payment_total"": ""87000.00"", ""refund_adjustment_total"": ""87000.00"", ""refund_evidence_total"": ""87000.00""}}"
